Location,White,Black,Native American,Asian,Pacific Islander,Other,Mixed-race,Hispanic or Latino,Med HH Income,Med Family Income,Med Male Income,Med Female Income,Per Capita Income,Family poverty,Overall poverty,Child poverty,Senior poverty,,,,,,,,
Adak (2000),49.68%,1.27%,35.13%,9.81%,1.90%,,2.22%,5.06%,$52,727.00,$53,889.00,$46,429.00,$35,000.00,$31,747.00,3.30%,4.70%,0.00%,0.00%,,,,,,,,
Akhiok (2000),2.50%,,86.25%,3.75%,,,7.50%,1.25%,$33,438.00,$37,813.00,$25,417.00,$6,250.00,$8,473.00,5.30%,9.90%,12.50%,0.00%,,,,,,,,
Akiachak (2000),3.42%,,92.31%,,,,4.27%,1.20%,$35,833.00,$35,288.00,$31,667.00,$18,750.00,$8,321.00,16.20%,21.20%,25.70%,34.80%,,,,,,,,
Akiak (2000),4.85%,,92.88%,,,,2.27%,0.65%,$26,250.00,$36,875.00,$21,875.00,$11,667.00,$8,326.00,25.00%,33.90%,40.30%,6.70%,,,,,,,,
Akutan (2000),23.56%,2.10%,15.71%,38.57%,0.28%,18.23%,1.54%,20.76%,$33,750.00,$43,125.00,$13,988.00,$23,750.00,$12,258.00,0.00%,45.50%,0.00%,40.00%,,,,,,,,
Alakanuk (2000),1.99%,,95.40%,0.15%,,,2.45%,,$26,346.00,$26,500.00,$19,792.00,$32,500.00,$6,884.00,32.50%,33.80%,34.10%,25.80%,,,,,,,,
Alatna (2000),2.86%,,94.29%,,,,2.86%,,$20,313.00,$52,500.00,$22,500.00,$16,250.00,$14,109.00,0.00%,9.10%,0.00%,0.00%,,,,,,,,
Alcan Border (2000),66.67%,,23.81%,4.76%,,4.76%,,9.52%,$65,000.00,$87,041.00,$77,036.00,$0.00,$21,938.00,0.00%,0.00%,,,,,,,,,,
Aleknagik (2000),13.57%,,81.90%,,,1.36%,3.17%,1.36%,$22,750.00,$30,625.00,$29,583.00,$75,487.00,$10,973.00,21.70%,40.80%,49.00%,21.40%,,,,,,,,
Aleneva (2000),98.53%,,1.47%,,,,,,$10,417.00,$10,417.00,$0.00,$0.00,$3,707.00,47.60%,40.70%,30.60%,25.00%,,,,,,,,
Aleutians West Census Area (2000),40.04%,3.02%,20.95%,24.59%,0.62%,7.32%,3.46%,10.48%,,,,,,,,,,,,,,,,,
Alexander Creek,,,,,,,,,,,,,,,,,,,,,,,,,
Allakaket (2000),4.12%,,95.88%,,,,,,$16,563.00,$33,125.00,$13,750.00,$35,417.00,$10,912.00,11.80%,12.90%,12.50%,0.00%,,,,,,,,
Alpine,,,,,,,,,,,,,,,,,,,,,,,,,
Ambler (2000),12.94%,0.32%,84.79%,,,,1.94%,,$43,500.00,$43,571.00,$30,625.00,$36,875.00,$13,712.00,19.00%,14.30%,15.60%,22.20%,,,,,,,,
Anaktuvuk Pass,7.10%,0.30%,81.20%,,0.30%,,9.00%,2.20%,$52,500.00,$56,250.00,$42,500.00,$32,250.00,$15,283.00,3.20%,4.40%,0.80%,0.00%,,,,,,,,
Anchor Point (2000),91.82%,0.11%,3.36%,0.33%,,0.60%,3.79%,1.73%,$41,094.00,$49,821.00,$39,688.00,$26,731.00,$18,668.00,8.20%,11.90%,14.90%,1.50%,,,,,,,,
Anchorage,66.00%,5.60%,7.90%,8.10%,2.00%,,8.10%,7.60%,$73,004.00,$85,829.00,,,$34,678.00,5.10%,7.90%,,,,,,,,,,
Anderson (2000),86.38%,4.36%,1.36%,0.27%,,0.82%,6.81%,5.18%,$58,750.00,$62,188.00,$31,641.00,$23,750.00,$23,837.00,15.60%,17.60%,25.80%,10.00%,,,,,,,,
Angoon (2000),11.36%,0.52%,81.99%,0.17%,,1.40%,4.55%,5.42%,$29,861.00,$31,429.00,$21,250.00,$30,625.00,$11,357.00,27.00%,27.90%,39.10%,20.00%,,,,,,,,
Aniak (2000),25.00%,0.35%,68.36%,0.52%,,,5.77%,1.05%,$41,875.00,$43,750.00,$37,708.00,$34,500.00,$16,550.00,11.80%,14.00%,13.40%,12.50%,,,,,,,,
Anvik (2000),8.65%,,90.39%,,,0.96%,,0.96%,$21,250.00,$18,125.00,$0.00,$18,750.00,$8,081.00,40.00%,44.20%,45.50%,50.00%,,,,,,,,
Arctic Village (2000),7.89%,,86.18%,,,,5.92%,0.66%,$20,250.00,$19,000.00,$21,875.00,$10,000.00,$10,761.00,30.80%,46.30%,53.10%,0.00%,,,,,,,,
Atka (2000),6.52%,,80.43%,1.09%,1.09%,,10.87%,1.09%,$30,938.00,$34,375.00,$28,750.00,$33,438.00,$17,080.00,0.00%,0.00%,0.00%,26.70%,,,,,,,,
Atmautluak (2000),4.08%,,94.56%,,,,1.36%,1.02%,$37,917.00,$39,583.00,$20,625.00,$8,750.00,$8,501.00,31.60%,30.30%,44.00%,15.40%,,,,,,,,
Atqasuk (2000),4.82%,,94.30%,0.44%,,,0.44%,,$66,607.00,$53,750.00,$41,875.00,$27,500.00,$14,732.00,25.00%,15.60%,4.90%,57.10%,,,,,,,,
Attu Station,,,,,,,,,,,,,,,,,,,,,,,,,
Badger,,,,,,,,,,,,,,,,,,,,,,,,,
Baranof Warm Springs,,,,,,,,,,,,,,,,,,,,,,,,,
Barrow,16.20%,0.90%,60.50%,8.90%,2.30%,,8.10%,3.10%,$63,094.00,$68,223.00,$51,959.00,$46,382.00,$22,902.00,7.70%,8.60%,7.20%,13.12%,,,,,,,,
Bear Creek (2000),80.32%,0.29%,11.61%,1.03%,0.11%,1.03%,5.61%,1.89%,$53,800.00,$57,167.00,$37,339.00,$24,938.00,$20,947.00,2.00%,5.00%,4.70%,0.00%,,,,,,,,
Beaver (2000),4.76%,,85.71%,,,,9.52%,,$28,750.00,$29,792.00,$26,667.00,$16,875.00,$8,441.00,0.00%,11.10%,0.00%,0.00%,,,,,,,,
Belkofski,,,,,,,,,,,,,,,,,,,,,,,,,
Beluga (2000),75.00%,,25.00%,,,,,,$0.00,$0.00,$0.00,$0.00,$0.00,0.00%,0.00%,0.00%,0.00%,,,,,,,,
Bethel Census Area (2000),12.53%,0.38%,81.93%,1.05%,0.06%,0.19%,3.85%,0.87%,,,,,,,,,,,,,,,,,
Bethel (2000),26.83%,0.93%,61.78%,2.87%,0.16%,0.51%,6.91%,1.70%,$57,321.00,$62,431.00,$45,321.00,$39,010.00,$20,267.00,10.60%,11.20%,9.70%,18.30%,,,,,,,,
Bettles (2000),76.74%,,18.60%,,,,4.65%,,$49,375.00,$65,000.00,$47,917.00,$48,750.00,$19,585.00,10.00%,6.40%,11.10%,0.00%,,,,,,,,
Big Delta (2000),95.46%,0.13%,1.47%,0.53%,,,2.40%,2.54%,$49,000.00,$53,125.00,$32,250.00,$37,708.00,$14,803.00,7.90%,30.00%,18.90%,16.00%,,,,,,,,
Big Lake (2000),87.13%,0.34%,7.32%,0.27%,0.04%,0.87%,4.02%,1.97%,$43,382.00,$47,542.00,$40,000.00,$30,139.00,$19,285.00,9.80%,14.60%,20.70%,1.00%,,,,,,,,
Birch Creek (2000),,,100.00%,,,,,,$11,250.00,$13,750.00,$11,250.00,$0.00,$5,952.00,33.30%,37.00%,33.30%,0.00%,,,,,,,,
Brevig Mission (2000),7.97%,,90.58%,,,,1.45%,0.72%,$21,875.00,$16,786.00,$11,250.00,$25,000.00,$7,278.00,43.30%,48.40%,50.80%,0.00%,,,,,,,,
Bristol Bay Borough (2000),52.54%,0.56%,43.72%,0.24%,0.48%,0.08%,2.38%,0.56%,,,,,,,,,,,,,,,,,
Buckland (2000),3.20%,,95.81%,,,,0.99%,1.23%,$38,333.00,$40,000.00,$31,563.00,$27,500.00,$9,624.00,7.90%,11.90%,14.40%,0.00%,,,,,,,,
Buffalo Soapstone (2000),89.70%,0.29%,4.43%,0.43%,,1.14%,4.01%,1.57%,$41,264.00,$40,678.09,$45,208.00,$26,167.00,$18,021.00,22.80%,22.20%,31.40%,14.30%,,,,,,,,
Butte (2000),92.50%,0.51%,2.89%,0.12%,0.08%,0.51%,3.40%,1.25%,$55,573.00,$58,796.00,$46,298.00,$32,933.00,$22,522.00,7.20%,9.80%,15.80%,3.50%,,,,,,,,
Cantwell (2000),65.32%,0.45%,22.52%,1.80%,,0.90%,9.01%,1.35%,$43,750.00,$39,792.00,$55,625.00,$17,500.00,$22,615.00,0.00%,2.00%,0.00%,0.00%,,,,,,,,
Central (2000),84.33%,,7.46%,0.75%,,2.99%,4.48%,0.75%,$36,875.00,$41,250.00,$60,750.00,$24,375.00,$22,593.00,15.80%,22.50%,34.60%,0.00%,,,,,,,,
Chalkyitsik (2000),2.41%,,97.59%,,,,,,$16,250.00,$16,875.00,$41,250.00,$13,750.00,$11,509.00,54.50%,52.60%,100.00%,0.00%,,,,,,,,
Chase (2000),100.00%,,,,,,,,$16,250.00,$0.00,$0.00,$0.00,$16,000.00,0.00%,0.00%,0.00%,0.00%,,,,,,,,
Chatanika,,,,,,,,,,,,,,,,,,,,,,,,,
Chefornak (2000),2.03%,,93.40%,,,,4.57%,,$35,556.00,$36,042.00,$15,000.00,$20,833.00,$8,474.00,21.30%,25.10%,36.00%,0.00%,,,,,,,,
Chena Hot Springs,,,,,,,,,,,,,,,,,,,,,,,,,
Chena Ridge,,,,,,,,,,,,,,,,,,,,,,,,,
Chenega (2000),22.09%,,73.26%,,,,4.65%,,$53,750.00,$58,750.00,$75,938.00,$32,500.00,$13,382.00,16.70%,15.60%,0.00%,0.00%,,,,,,,,
Chevak (2000),3.66%,,90.46%,,,0.13%,5.75%,0.65%,$26,875.00,$27,375.00,$21,875.00,$18,125.00,$7,550.00,26.70%,29.50%,32.50%,13.30%,,,,,,,,
Chickaloon (2000),77.93%,1.41%,15.49%,0.94%,0.00%,1.88%,2.35%,1.41%,$49,792.00,$49,792.00,$41,827.00,$36,607.00,$14,755.00,0.00%,2.80%,,,,,,,,,,
Chicken,,,,,,,,,,,,,,,,,,,,,,,,,
Chignik Lagoon (2000),11.65%,0.97%,81.55%,,,,5.83%,,$92,297.00,$99,054.00,$33,750.00,$38,750.00,$28,941.00,0.00%,1.80%,0.00%,0.00%,,,,,,,,
Chignik Lake (2000),11.72%,,86.90%,0.69%,,,0.69%,1.38%,$41,458.00,$40,938.00,$0.00,$38,750.00,$13,842.00,21.20%,22.00%,31.40%,0.00%,,,,,,,,
Chignik (2000),32.00%,,61.00%,3.00%,3.00%,1.00%,1.00%,1.00%,$34,000.00,$51,000.00,$31,250.00,$31,250.00,$16,000.00,,5.00%,0.00%,0.00%,,,,,,,,
Chiniak (2000),88.00%,,2.00%,2.00%,,6.00%,2.00%,8.00%,$14,167.00,$75,067.00,$51,250.00,$0.00,$22,211.00,0.00%,20.00%,0.00%,0.00%,,,,,,,,
Chisana,,,,,,,,,,,,,,,,,,,,,,,,,
Chistochina,,,,,,,,,$24,107.00,$41,250.00,$41,250.00,$0.00,$12,362.00,29.60%,28.60%,18.20%,27.30%,,,,,,,,
Chitina (2000),51.22%,,33.33%,,,,15.45%,,$26,000.00,$28,750.00,$31,250.00,$17,500.00,$10,835.00,3.30%,12.70%,0.00%,15.40%,,,,,,,,
Chuathbaluk (2000),5.04%,,91.60%,,,0.84%,2.52%,,$34,286.00,$34,167.00,$46,250.00,$28,750.00,,16.70%,24.10%,27.50%,0.00%,,,,,,,,
Circle,14.00%,,76.00%,,,1.00%,9.00%,4.00%,$11,667.00,$11,250.00,$0.00,$23,750.00,$6,426.00,50.00%,42.00%,57.90%,0.00%,,,,,,,,
Clam Gulch (2000),92.49%,,2.89%,1.16%,,,3.47%,,$37,500.00,$44,375.00,$25,625.00,$27,083.00,$17,983.00,7.00%,8.10%,10.20%,0.00%,,,,,,,,
Clark%27s Point (2000),6.67%,,90.67%,,1.33%,,1.33%,,$28,125.00,$41,250.00,$30,625.00,$41,250.00,$10,988.00,20.00%,45.70%,66.70%,36.40%,,,,,,,,
Clear Air Force Station,,,,,,,,,,,,,,,,,,,,,,,,,
Clear,,,,,,,,,,,,,,,,,,,,,,,,,
Coffman Cove (2000),87.44%,0.50%,2.51%,0.50%,,5.03%,4.02%,1.01%,$43,750.00,$44,861.00,$52,031.00,$31,250.00,$23,249.00,6.70%,4.90%,0.00%,21.40%,,,,,,,,
Cohoe (2000),90.15%,0.26%,4.54%,0.60%,0.17%,0.60%,3.68%,1.71%,$38,542.00,$44,167.00,$40,125.00,$26,154.00,$19,059.00,8.00%,12.10%,9.90%,7.90%,,,,,,,,
Cold Bay (2000),72.00%,3.00%,17.00%,5.00%,2.00%,,1.00%,2.00%,$55,750.00,$64,375.00,$36,250.00,$38,333.00,$20,037.00,0.00%,27.00%,0.00%,0.00%,,,,,,,,
Coldfoot (2000),100.00%,,,,,,,,$61,250.00,,,,$42,620.00,,,,,,,,,,,,
College,77.85%,3.11%,8.95%,3.19%,0.08%,1.09%,5.74%,3.47%,$56,560.00,$69,969.00,$47,126.00,$31,495.00,$23,381.00,4.90%,8.20%,8.20%,4.80%,,,,,,,,
Cooper Landing (2000),91.60%,0.27%,2.98%,1.63%,,0.27%,3.25%,1.08%,$34,844.00,$51,250.00,$46,319.00,$34,276.00,$24,795.00,0.00%,2.20%,0.00%,0.00%,,,,,,,,
Copper Center (2000),48.07%,0.28%,46.69%,,,,4.97%,0.83%,$32,188.00,$42,500.00,$46,250.00,$22,083.00,$15,152.00,18.50%,18.80%,23.10%,6.90%,,,,,,,,
Copperville (2000),77.09%,,13.97%,1.68%,,,7.26%,,$53,125.00,$49,286.00,$46,563.00,$30,625.00,$21,733.00,11.70%,7.10%,3.10%,0.00%,,,,,,,,
Cordova,68.30%,0.40%,8.70%,10.70%,0.10%,,7.60%,4.20%,$50,114.00,$65,625.00,$40,444.00,$26,985.00,$25,256.00,4.30%,7.50%,8.20%,6.20%,,,,,,,,
Covenant Life (2000),94.12%,,0.98%,3.92%,,,0.98%,,$34,167.00,$41,250.00,$36,875.00,$22,083.00,$14,326.00,4.50%,15.20%,0.00%,12.50%,,,,,,,,
Craig,67.07%,0.07%,21.69%,0.57%,,0.57%,10.02%,2.79%,$45,298.00,$52,500.00,$41,111.00,$23,558.00,$20,176.00,7.80%,9.80%,13.40%,0.00%,,,,,,,,
Crooked Creek (2000),6.57%,,90.51%,,,,2.92%,,$17,500.00,$23,125.00,$13,750.00,$21,250.00,$6,495.00,25.00%,28.10%,23.00%,20.00%,,,,,,,,
Crow Village,,,,,,,,,,,,,,,,,,,,,,,,,
Crown Point (2000),88.00%,,4.00%,1.33%,,1.33%,5.33%,2.67%,$59,063.00,$59,063.00,$36,250.00,$41,250.00,$17,498.00,0.00%,15.60%,0.00%,100.00%,,,,,,,,
Cube Cove,,,,,,,,,,,,,,,,,,,,,,,,,
Deadhorse,,,,,,,,,,,,,,,,,,,,,,,,,
Deering (2000),5.88%,,93.38%,,,,0.74%,,$33,333.00,$43,438.00,$26,875.00,$25,625.00,$11,000.00,0.00%,5.80%,0.00%,0.00%,,,,,,,,
Delta Junction (2000),91.43%,1.07%,4.05%,0.95%,,0.12%,2.38%,0.83%,$43,500.00,$58,250.00,$50,469.00,$25,750.00,$19,171.00,12.30%,19.40%,28.80%,13.20%,,,,,,,,
Deltana,91.59%,1.21%,0.89%,1.08%,,0.38%,4.84%,1.15%,$50,066.00,$53,021.00,$42,500.00,$31,042.00,$18,446.00,12.10%,15.10%,19.90%,0.90%,,,,,,,,
Denali Borough (2000),85.74%,1.43%,4.75%,1.53%,0.37%,0.95%,5.23%,2.48%,,,,,,,,,,,,,,,,,
Diamond Ridge (2000),92.29%,0.11%,3.16%,0.44%,,0.89%,3.11%,2.11%,$50,977.00,$61,813.00,$51,964.00,$26,548.00,$23,864.00,7.90%,7.90%,9.20%,4.80%,,,,,,,,
Diamond,,,,,,,,,,,,,,,,,,,,,,,,,
Dillingham Census Area (2000),21.64%,0.37%,70.13%,0.61%,0.02%,0.55%,6.68%,2.26%,,,,,,,,,,,,,,,,,
Dillingham (2000),35.60%,0.65%,52.55%,1.18%,,0.61%,9.41%,3.49%,$51,458.00,$57,417.00,$47,266.00,$34,934.00,$21,537.00,10.10%,11.70%,14.40%,,,,,,,,,
Dinglishna Hills,,,,,,,,,,,,,,,,,,,,,,,,,
Diomede (2000),6.16%,,92.47%,,,,1.37%,,$23,750.00,$24,583.00,$41,250.00,$26,875.00,$29,944.00,41.40%,35.40%,33.80%,44.40%,,,,,,,,
Dot Lake Village (2000),23.68%,,57.89%,,,,18.42%,,$16,250.00,$16,667.00,$28,750.00,$0.00,$7,476.00,0.00%,19.00%,0.00%,0.00%,,,,,,,,
Dot Lake (2000),84.21%,,,,,,15.79%,,$13,750.00,$62,500.00,$46,250.00,$0.00,$19,406.00,0.00%,5.60%,0.00%,33.30%,,,,,,,,
Dry Creek (2000),100.00%,,,,,,,7.03%,$12,500.00,$10,000.00,$46,250.00,$0.00,$7,780.00,62.50%,69.40%,73.80%,0.00%,,,,,,,,
Eagle Village (2000),55.88%,,44.12%,,,,,,$6,875.00,$31,250.00,$40,000.00,$47,917.00,$13,887.00,20.00%,55.70%,35.30%,0.00%,,,,,,,,
Eagle (2000),93.02%,,6.20%,,,,0.78%,0.78%,$36,042.00,$44,375.00,$30,000.00,$20,000.00,$20,221.00,2.60%,16.50%,40.00%,0.00%,,,,,,,,
Eareckson Air Station,,,,,,,,,,,,,,,,,,,,,,,,,
Edna Bay (2000),95.92%,,,,,,4.08%,,$44,583.00,$49,063.00,$40,625.00,$0.00,$58,967.00,15.40%,23.10%,29.40%,50.00%,,,,,,,,
Eek (2000),3.21%,,95.71%,,,,1.07%,0.36%,$17,500.00,$27,500.00,,,$8,957.00,32.70%,28.80%,30.50%,10.00%,,,,,,,,
Egegik (2000),18.97%,,57.76%,0.86%,,,22.41%,6.90%,$46,000.00,$59,583.00,$39,375.00,$40,000.00,$16,352.00,0.00%,6.90%,0.00%,0.00%,,,,,,,,
Eielson Air Force Base,,,,,,,,,,,,,,,,,,,,,,,,,
Ekwok (2000),6.15%,,91.54%,,,,2.31%,,$16,250.00,$20,000.00,$38,750.00,$35,750.00,$11,079.00,29.20%,32.10%,24.40%,40.00%,,,,,,,,
Elfin Cove (2000),93.75%,,,,3.12%,,3.12%,,$33,750.00,$33,750.00,$48,750.00,$0.00,$15,089.00,0.00%,5.60%,0.00%,0.00%,,,,,,,,
Elim (2000),5.11%,,92.65%,,,,2.24%,,$40,179.00,$40,893.00,$25,938.00,$21,250.00,$10,300.00,8.00%,7.90%,7.30%,12.50%,,,,,,,,
Emmonak (2000),5.61%,0.26%,91.26%,0.13%,,,2.74%,1.04%,$32,917.00,$38,750.00,$23,750.00,$18,542.00,$9,069.00,16.40%,16.20%,15.90%,9.10%,,,,,,,,
Ester,84.60%,2.10%,6.70%,1.20%,0.20%,0.60%,4.60%,3.30%,$50,461.00,$73,750.00,$41,713.00,$24,850.00,$29,155.00,4.90%,8.10%,9.80%,0.00%,,,,,,,,
Eureka Roadhouse,75.86%,0.00%,6.90%,3.40%,,0.00%,13.80%,6.90%,,,,,,,,,,,,,,,,,
Evansville (2000),46.43%,,50.00%,,,,3.57%,,$53,750.00,$54,583.00,$30,833.00,$0.00,$15,746.00,0.00%,4.30%,0.00%,0.00%,,,,,,,,
Excursion Inlet (2000),100.00%,,,,,,,,$16,250.00,$10,000.00,$38,750.00,$0.00,$18,188.00,50.00%,25.00%,0.00%,40.00%,,,,,,,,
Eyak,,,,,,,,,,,,,,,,,,,,,,,,,
Fairbanks North Star Borough (2000),77.79%,5.60%,6.90%,2.08%,0.30%,1.71%,5.39%,4.15%,,,,,,,,,,,,,,,,,
Fairbanks,66.10%,9.00%,10.00%,3.60%,0.80%,,,5.00%,$55,409.00,,$30,539.00,$26,577.00,$19,814.00,7.40%,10.50%,11.60%,7.00%,,,,,,,,
False Pass (2000),26.56%,,62.50%,,,1.56%,9.38%,1.56%,$49,375.00,$70,625.00,$23,750.00,$37,083.00,$21,465.00,11.10%,8.00%,0.00%,50.00%,,,,,,,,
Farm Loop (2000),92.97%,0.28%,3.37%,0.28%,0.09%,0.19%,2.81%,2.44%,$55,234.00,$56,953.00,$44,417.00,$31,705.00,$20,880.00,6.10%,7.20%,6.60%,0.00%,,,,,,,,
Farmers Loop,,,,,,,,,,,,,,,,,,,,,,,,,
Ferry,100.00%,,,,,,,3.45%,$38,750.00,$70,000.00,$58,750.00,$0.00,$18,324.00,16.70%,16.00%,35.30%,0.00%,,,,,,,,
Fishhook (2000),91.38%,0.44%,3.55%,0.79%,0.20%,0.69%,2.96%,1.67%,$55,179.00,$57,857.00,$46,417.00,$25,865.00,$20,042.00,7.30%,8.50%,9.10%,14.00%,,,,,,,,
Flat,,,,,,,,,,,,,,,,,,,,,,,,,
Fort Greely (2000),65.73%,19.74%,1.30%,1.30%,1.95%,3.69%,6.29%,15.40%,$33,750.00,$32,969.00,$26,544.00,$21,375.00,$12,368.00,11.60%,10.40%,10.90%,0.00%,,,,,,,,
Fort Wainwright,,,,,,,,,,,,,,,,,,,,,,,,,
Fort Yukon (2000),10.76%,0.17%,86.05%,0.17%,,0.17%,2.69%,1.34%,$29,375.00,$32,083.00,$25,000.00,$27,813.00,$13,360.00,18.00%,18.50%,14.30%,3.50%,,,,,,,,
Four Mile Road (2000),73.68%,,26.32%,,,,,,$53,125.00,$66,250.00,$27,083.00,$8,000.00,$28,465.00,0.00%,0.00%,,,,,,,,,,
Fox River (2000),99.68%,,,,,0.16%,0.16%,0.16%,$26,964.00,$40,938.00,$39,063.00,$16,875.00,$7,963.00,29.50%,33.80%,35.90%,22.20%,,,,,,,,
Fox,87.67%,,8.00%,0.33%,,1.33%,2.67%,1.33%,$51,176.00,$64,107.00,$39,297.00,$22,273.00,$22,689.00,0.00%,8.70%,,,,,,,,,,
Fritz Creek (2000),92.95%,0.19%,2.37%,0.56%,,0.87%,3.06%,2.25%,$41,400.00,$49,881.00,$42,083.00,$31,250.00,$18,937.00,3.60%,9.60%,11.40%,3.40%,,,,,,,,
Funny River,93.71%,,1.73%,1.10%,,1.42%,2.04%,0.47%,$43,047.00,$51,518.00,$29,821.00,$21,875.00,$22,648.00,3.20%,3.50%,5.90%,0.00%,,,,,,,,
Gakona (2000),75.35%,,12.09%,,,1.86%,10.70%,1.40%,$33,750.00,$44,375.00,$41,250.00,$46,875.00,$18,143.00,9.40%,10.80%,3.40%,10.50%,,,,,,,,
Galena,29.40%,0.00%,63.60%,0.60%,0.00%,0.20%,6.20%,2.30%,$60,313.00,$62,917.00,,,$26,551.00,11.50%,21.70%,25.00%,0.00%,,,,,,,,
Gambell (2000),3.54%,,95.69%,0.46%,,,0.31%,0.31%,$31,458.00,$30,625.00,$30,625.00,$22,250.00,$8,764.00,30.60%,28.50%,29.60%,33.30%,,,,,,,,
Game Creek (2000),88.57%,,,,,,11.43%,,$30,833.00,$19,688.00,$7,083.00,$0.00,$11,221.00,0.00%,0.00%,0.00%,0.00%,,,,,,,,
Gateway (2000),88.25%,0.71%,4.00%,0.91%,0.14%,0.98%,5.01%,2.41%,$60,385.00,$65,990.00,$51,250.00,$37,135.00,$24,548.00,5.20%,7.20%,12.30%,4.00%,,,,,,,,
Georgetown,,,,,,,,,,,,,,,,,,,,,,,,,
Glacier View (2000),88.76%,0.40%,7.23%,0.40%,,,3.21%,,$36,429.00,$46,250.00,$13,542.00,$36,250.00,$14,855.00,0.00%,4.00%,,,,,,,,,,
Glennallen (2000),85.20%,0.18%,5.05%,0.18%,1.44%,,7.94%,0.54%,$38,846.00,$40,909.00,$29,375.00,$28,125.00,$17,084.00,4.60%,8.04%,12.80%,3.10%,,,,,,,,
Goldstream,89.00%,0.60%,3.40%,0.70%,0.00%,0.70%,5.50%,2.50%,,,,,,,,,,,,,,,,,
Golovin (2000),7.64%,,84.03%,,,,8.33%,2.78%,$31,875.00,$41,250.00,$25,625.00,$31,250.00,$13,281.00,0.00%,4.30%,0.00%,0.00%,,,,,,,,
Goodnews Bay (2000),5.65%,,92.61%,,,,1.74%,,$16,250.00,$21,563.00,$31,250.00,$0.00,$6,851.00,37.80%,39.00%,53.30%,0.00%,,,,,,,,
Grayling (2000),7.22%,,88.14%,,,0.52%,4.12%,1.03%,$21,875.00,$18,750.00,$21,250.00,$21,250.00,$7,049.00,62.10%,64.50%,82.90%,0.00%,,,,,,,,
Gulkana (2000),26.14%,,71.59%,,,,2.27%,1.14%,$26,875.00,$27,750.00,$60,833.00,$0.00,$13,548.00,35.30%,40.70%,40.00%,0.00%,,,,,,,,
Gustavus (2000),89.00%,0.00%,4.00%,0.20%,0.20%,2.00%,4.00%,1.40%,$34,800.00,$51,800.00,$41,800.00,$29,400.00,$21,100.00,10.00%,15.00%,13.00%,14.00%,,,,,,,,
Haines Borough (2000),82.53%,0.13%,11.50%,0.71%,0.08%,0.42%,4.64%,1.38%,,,,,,,,,,,,,,,,,
Haines (2000),79.62%,0.17%,13.86%,0.66%,0.11%,0.44%,5.14%,1.55%,$39,926.00,$51,316.00,$41,103.00,$30,278.00,$22,505.00,5.80%,7.90%,9.20%,2.40%,,,,,,,,
Halibut Cove (2000),97.14%,,,,,,2.86%,,$50,000.00,$38,000.00,$30,000.00,$12,000.00,$55,000.00,,,,,,,,,,,,
Happy Valley (2000),88.34%,,6.13%,0.41%,0.41%,0.82%,3.89%,2.86%,$30,139.00,$40,156.00,$47,917.00,$20,469.00,$19,377.00,10.90%,17.50%,28.20%,6.80%,,,,,,,,
Harding-Birch Lakes (2000),93.52%,,,,,1.39%,5.09%,0.46%,$43,438.00,$60,288.00,$36,042.00,$23,750.00,$24,443.00,0.00%,0.00%,,,,,,,,,,
Haycock,,,,,,,,,,,,,,,,,,,,,,,,,
Healy Lake (2000),27.03%,,72.97%,,,,,,$51,250.00,$53,750.00,$25,417.00,$38,750.00,$18,127.00,12.50%,9.10%,5.30%,0.00%,,,,,,,,
Healy (2000),90.20%,0.30%,2.30%,1.90%,0.70%,0.80%,3.80%,2.00%,$60,000.00,$77,806.00,$65,729.00,$30,227.00,$28,225.00,2.50%,4.90%,3.90%,0.00%,,,,,,,,
Hobart Bay (2000),66.67%,,33.33%,,,,,,$68,750.00,$68,750.00,,,$34,900.00,,,,,,,,,,,,
Hollis (2000),89.93%,,5.04%,0.72%,,,4.32%,2.16%,$43,750.00,$55,625.00,$41,875.00,$13,750.00,$17,278.00,6.50%,9.30%,15.70%,0.00%,,,,,,,,
Holy Cross (2000),3.52%,,96.48%,,,,,,$21,875.00,$26,250.00,$37,813.00,$16,250.00,$8,542.00,33.30%,45.60%,45.20%,47.10%,,,,,,,,
Homer,89.30%,0.40%,4.10%,1.00%,0.10%,0.60%,4.50%,2.10%,$52,057.00,$68,455.00,$41,581.00,$37,679.00,$32,035.00,3.80%,7.90%,11.20%,1.40%,,,,,,,,
Hoonah-Angoon Census Area (2000),58.15%,0.15%,35.01%,0.38%,0.15%,0.96%,5.21%,2.82%,,,,,,,,,,,,,,,,,
Hoonah (2000),28.72%,0.23%,60.58%,0.12%,,0.81%,9.53%,3.60%,$39,028.00,$45,125.00,$37,083.00,$23,958.00,$16,097.00,14.30%,16.60%,14.10%,10.40%,,,,,,,,
Hooper Bay (2000),4.24%,,93.69%,,,,2.07%,0.10%,$26,667.00,$27,500.00,$31,250.00,$32,083.00,$7,841.00,28.40%,27.90%,30.10%,31.60%,,,,,,,,
Hope (2000),91.97%,0.73%,2.19%,1.46%,,,3.65%,2.19%,$21,786.00,$24,432.00,$0.00,$37,656.00,$9,079.00,0.00%,11.70%,0.00%,100.00%,,,,,,,,
Houston (2000),84.03%,0.33%,8.24%,0.67%,0.33%,0.92%,5.49%,2.33%,$39,615.00,$46,818.00,$45,000.00,$30,625.00,$17,213.00,13.10%,17.10%,15.80%,7.40%,,,,,,,,
Hughes (2000),10.26%,,78.21%,,,10.26%,1.28%,10.26%,$24,375.00,$33,125.00,$90,957.00,$0.00,,21.10%,28.00%,28.60%,28.60%,,,,,,,,
Huslia (2000),4.44%,,93.52%,,0.34%,,1.71%,1.37%,$27,000.00,$31,000.00,$52,500.00,$30,313.00,$10,983.00,22.90%,28.10%,37.90%,0.00%,,,,,,,,
Hydaburg (2000),9.42%,0.52%,85.08%,0.52%,,,4.45%,,$31,625.00,$31,250.00,$27,500.00,$41,250.00,$11,401.00,21.40%,24.10%,29.70%,6.10%,,,,,,,,
Hyder (2000),95.87%,,,,,,4.13%,1.03%,$11,719.00,$30,500.00,$56,250.00,$13,750.00,$11,491.00,44.40%,54.10%,81.00%,50.00%,,,,,,,,
Igiugig (2000),16.98%,,71.70%,,,,11.32%,1.89%,$21,750.00,$22,250.00,,,$13,172.00,0.00%,6.90%,0.00%,100.00%,,,,,,,,
Iliamna (2000),39.22%,,50.00%,,,,10.78%,,$60,625.00,$61,250.00,$38,333.00,$36,667.00,$19,741.00,0.00%,3.10%,0.00%,0.00%,,,,,,,,
Ivanof Bay (2000),4.55%,,95.45%,,,,,,$91,977.00,$91,977.00,,,$21,983.00,,0.00%,,,,,,,,,,
Jakolof Bay,,,,,,,,,,,,,,,,,,,,,,,,,
Juneau,69.40%,0.90%,11.80%,6.10%,0.70%,1.20%,,5.10%,$62,034.00,$70,284.00,$46,744.00,$33,168.00,$26,719.00,3.70%,6.00%,6.70%,3.90%,,,,,,,,
Kachemak Selo,,,,,,,,,,,,,,,,,,,,,,,,,
Kachemak (2000),87.47%,,5.80%,0.93%,,0.23%,5.57%,1.62%,$43,068.00,$44,432.00,$31,667.00,$26,908.00,$21,030.00,1.80%,5.90%,0.00%,6.90%,,,,,,,,
Kake (2000),24.08%,0.28%,66.76%,0.28%,0.00%,0.56%,8.03%,1.55%,$39,643.00,$42,857.00,$44,167.00,$20,625.00,$17,411.00,13.20%,14.60%,23.70%,4.00%,,,,,,,,
Kaktovik,14.68%,,75.43%,0.34%,,0.68%,8.87%,,$55,624.00,$60,417.00,$50,000.00,$38,750.00,$22,031.00,9.90%,6.60%,5.30%,0.00%,,,,,,,,
Kalifornsky (2000),89.75%,0.24%,4.60%,0.67%,0.09%,0.60%,4.05%,1.97%,$54,864.00,$58,750.00,$50,583.00,$30,493.00,$23,898.00,6.60%,7.90%,9.20%,0.00%,,,,,,,,
Kaltag (2000),12.61%,,84.35%,,,,3.04%,,$29,167.00,$25,625.00,$20,938.00,$48,750.00,$9,361.00,29.80%,33.90%,45.70%,0.00%,,,,,,,,
Kantishna,,,,,,,,,,,,,,,,,,,,,,,,,
Karluk (2000),0.00%,,96.30%,3.70%,,,,,$19,167.00,$19,167.00,$0.00,$20,000.00,$13,736.00,0.00%,0.00%,0.00%,0.00%,,,,,,,,
Kasaan (2000),50.00%,,37.50%,,,,10.00%,2.50%,$43,500.00,$42,500.00,$36,250.00,$0.00,$19,743.00,0.00%,0.00%,0.00%,0.00%,,,,,,,,
Kasigluk (2000),3.31%,,96.50%,,,,0.18%,0.37%,$31,500.00,$33,750.00,$16,667.00,$18,750.00,$7,194.00,18.90%,22.80%,26.70%,0.00%,,,,,,,,
Kasilof (2000),92.36%,0.64%,3.18%,0.21%,,0.21%,3.40%,0.21%,$43,929.00,$58,036.00,$45,469.00,$12,143.00,$21,211.00,21.40%,26.40%,35.80%,39.10%,,,,,,,,
Kenai Peninsula Borough (2000),86.00%,,7.00%,,,1.00%,4.00%,2.00%,,,,,,,,,,,,,,,,,
Kenai (2000),82.76%,0.49%,8.74%,1.66%,0.23%,1.12%,5.00%,3.82%,$45,962.00,$56,856.00,$48,371.00,$27,112.00,$20,789.00,8.20%,9.80%,12.50%,4.20%,,,,,,,,
Kenny Lake (2000),82.68%,,10.24%,0.49%,,2.68%,3.90%,5.85%,$2.00,$2.00,$40,938.00,$21,875.00,$13,121.00,22.70%,25.90%,22.60%,11.80%,,,,,,,,
Ketchikan Gateway Borough (2000),68.70%,0.70%,14.30%,7.10%,0.20%,0.70%,8.30%,4.30%,$61,695.00,$45,417.00,$35,139.00,$37,500.00,$29,520.00,8.30%,,,,,,,,,,,
Ketchikan,60.70%,0.80%,16.70%,10.80%,0.30%,0.70%,10.00%,4.40%,$49,313.00,$68,431.00,,,$27,107.00,,12.90%,,,,,,,,,,
Kiana,6.60%,,90.00%,,,,2.80%,0.60%,$39,688.00,$41,667.00,$31,250.00,$35,938.00,$11,534.00,5.60%,11.20%,9.10%,12.50%,,,,,,,,
King Cove (2000),15.03%,1.64%,46.72%,26.77%,0.13%,5.93%,3.79%,7.45%,$45,893.00,$47,188.00,$30,714.00,$19,125.00,$17,791.00,3.30%,11.90%,1.70%,27.30%,,,,,,,,
King Salmon (2000),66.29%,1.13%,28.96%,0.23%,,0.23%,3.17%,0.45%,$54,375.00,$64,375.00,$45,000.00,$35,500.00,$26,755.00,8.80%,12.40%,17.50%,0.00%,,,,,,,,
Kipnuk (2000),2.02%,,96.58%,,,,1.40%,,$34,375.00,$35,714.00,$29,167.00,$23,333.00,$8,589.00,21.50%,20.90%,26.70%,19.20%,,,,,,,,
Kivalina (2000),3.45%,,96.55%,,,,,,$30,833.00,$30,179.00,$31,875.00,$21,875.00,$8,360.00,25.40%,26.40%,27.90%,30.00%,,,,,,,,
Klawock (2000),40.98%,,50.94%,0.47%,0.12%,0.12%,7.38%,1.41%,$35,000.00,$38,839.00,$38,977.00,$23,036.00,$14,621.00,13.60%,14.30%,16.50%,5.00%,,,,,,,,
Klukwan (2000),10.07%,,88.49%,0.72%,,,0.72%,3.60%,$30,714.00,$31,563.00,$26,250.00,$26,250.00,$11,612.00,0.00%,1.50%,0.00%,0.00%,,,,,,,,
Knik River (2000),85.74%,0.17%,6.70%,,0.86%,1.37%,5.15%,2.58%,$55,000.00,$55,000.00,$36,071.00,$27,143.00,$19,104.00,19.70%,15.30%,23.80%,0.00%,,,,,,,,
Knik-Fairview,88.00%,,6.00%,,,1.10%,4.00%,3.00%,$52,100.00,$60,100.00,$46,300.00,$29,800.00,$20,900.00,9.00%,11.00%,13.00%,4.00%,,,,,,,,
Kobuk (2000),4.59%,,93.58%,0.92%,,0.92%,,4.59%,$30,750.00,$20,313.00,$71,250.00,$21,875.00,$9,844.00,32.00%,28.60%,28.20%,57.10%,,,,,,,,
Kodiak Island Borough (2000),59.69%,0.96%,14.58%,16.04%,0.79%,2.78%,5.16%,6.10%,,,,,,,,,,,,,,,,,
Kodiak Station (2000),87.88%,3.64%,1.96%,1.03%,0.38%,2.45%,2.66%,5.54%,$46,189.00,$45,762.00,$27,383.00,$23,047.00,$14,234.00,0.00%,0.00%,0.00%,0.00%,,,,,,,,
Kodiak (2000),46.40%,0.69%,10.47%,31.73%,0.93%,4.36%,5.42%,8.54%,$55,142.00,$60,484.00,$37,074.00,$30,049.00,$21,522.00,3.70%,7.40%,8.40%,0.00%,,,,,,,,
Kokhanok (2000),8.05%,,86.78%,,,1.15%,4.02%,1.15%,$19,583.00,$32,500.00,$33,333.00,$0.00,$7,732.00,40.00%,42.60%,60.00%,0.00%,,,,,,,,
Koliganek (2000),10.44%,,87.36%,,,2.20%,,2.20%,$44,583.00,$51,042.00,$31,250.00,$30,417.00,$13,242.00,14.90%,19.30%,20.00%,53.30%,,,,,,,,
Kongiganak (2000),2.79%,,95.82%,,,,1.39%,1.67%,$33,250.00,$34,750.00,$21,875.00,$30,625.00,$9,881.00,19.40%,13.80%,10.30%,0.00%,,,,,,,,
Kotlik (2000),3.55%,,93.57%,,,,2.88%,0.34%,$37,750.00,$37,969.00,$29,583.00,$16,875.00,$7,707.00,18.40%,21.10%,21.80%,25.90%,,,,,,,,
Kotzebue (2000),19.47%,0.32%,71.19%,1.82%,0.06%,0.78%,6.36%,1.17%,$57,163.00,$58,068.00,$42,604.00,$36,453.00,$18,289.00,9.20%,13.10%,14.90%,6.00%,,,,,,,,
Koyuk (2000),4.71%,,91.92%,0.67%,,,2.69%,,$30,417.00,$20,625.00,$25,625.00,$11,563.00,$8,736.00,29.30%,28.00%,39.70%,25.00%,,,,,,,,
Koyukuk (2000),8.91%,,91.09%,,,,,,$19,375.00,$31,250.00,$30,000.00,$0.00,$11,341.00,20.80%,35.10%,53.80%,33.30%,,,,,,,,
Kupreanof (2000),91.30%,,,4.35%,,,4.35%,,$45,833.00,$100,470.00,$51,250.00,$0.00,$26,650.00,0.00%,0.00%,,,,,,,,,,
Kusilvak Census Area (2000),4.74%,0.06%,92.53%,0.10%,0.03%,0.03%,2.52%,0.33%,,,,,,,,,,,,,,,,,
Kwethluk (2000),4.77%,0.14%,92.85%,0.28%,,,1.96%,,$25,417.00,$27,500.00,$24,063.00,$14,375.00,$6,503.00,29.20%,29.50%,31.40%,35.90%,,,,,,,,
Kwigillingok (2000),2.07%,,97.63%,,,,0.30%,,$36,250.00,$33,250.00,$23,125.00,$50,625.00,$7,577.00,28.80%,34.70%,46.80%,0.00%,,,,,,,,
Lake and Peninsula Borough (2000),18.76%,0.05%,73.51%,0.22%,0.16%,0.33%,6.97%,1.15%,,,,,,,,,,,,,,,,,
Lake Louise (2000),89.77%,,10.23%,,,,,,$5,000.00,$43,750.00,$3,750.00,$0.00,$11,057.00,0.00%,56.70%,0.00%,0.00%,,,,,,,,
Lake Minchumina (2000),84.38%,,3.12%,,,,12.50%,6.25%,$36,250.00,$33,750.00,$26,250.00,$0.00,$26,781.00,0.00%,0.00%,,,,,,,,,,
Lakes (2000),89.49%,0.60%,4.58%,0.54%,0.09%,0.55%,4.16%,1.95%,$63,250.00,$68,893.00,$50,378.00,$30,675.00,$23,485.00,3.80%,6.90%,6.30%,6.50%,,,,,,,,
Larsen Bay (2000),20.87%,,78.26%,,,,0.87%,,$40,833.00,$30,000.00,$31,250.00,$50,625.00,$16,227.00,27.30%,20.50%,22.60%,33.30%,,,,,,,,
Lazy Mountain (2000),92.66%,0.09%,2.94%,1.04%,,0.17%,3.11%,1.04%,$46,500.00,$54,881.00,$37,179.00,$28,889.00,$22,789.00,3.30%,7.80%,9.40%,0.00%,,,,,,,,
Levelock (2000),4.92%,,89.34%,,,,5.74%,2.46%,$18,750.00,$31,667.00,$30,417.00,$30,417.00,$12,199.00,16.70%,24.50%,29.70%,50.00%,,,,,,,,
Lime Village,3.40%,,93.10%,,,,3.40%,,,,,,,,,,,,,,,,,,
Livengood (2000),83.00%,,7.00%,3.00%,,,7.00%,,$26,250.00,$26,250.00,$51,250.00,$0.00,$21,215.00,0.00%,15.00%,0.00%,0.00%,,,,,,,,
Loring,,,,,,,,,,,,,,,,,,,,,,,,,
Lowell Point (2000),92.39%,1.09%,4.35%,2.17%,,,,2.17%,$32,000.00,$137,566.00,$53,750.00,$54,000.00,$45,790.00,31.30%,28.40%,0.00%,0.00%,,,,,,,,
Lower Kalskag (2000),4.49%,,88.76%,,,,6.74%,,$25,625.00,$27,500.00,$16,667.00,$36,250.00,$7,654.00,36.70%,40.60%,51.40%,51.40%,,,,,,,,
Lutak (2000),89.74%,,7.69%,,,,2.56%,2.56%,$61,250.00,$26,250.00,$80,488.00,$50,000.00,$20,928.00,0.00%,0.00%,0.00%,0.00%,,,,,,,,
Manley Hot Springs (2000),73.61%,,23.61%,,,2.78%,,,$29,000.00,$59,583.00,$36,250.00,$16,250.00,$21,751.00,0.00%,9.70%,0.00%,0.00%,,,,,,,,
Manokotak (2000),4.76%,0.25%,94.74%,,,,0.25%,,$26,875.00,$30,357.00,$13,125.00,$0.00,$9,294.00,32.50%,35.30%,44.00%,0.00%,,,,,,,,
Marshall (2000),2.01%,,95.99%,,,,2.01%,0.29%,$32,917.00,$37,750.00,$25,469.00,$37,917.00,$9,597.00,20.80%,28.60%,32.70%,20.00%,,,,,,,,
Matanuska-Susitna Borough (2000),87.55%,0.69%,5.50%,0.70%,0.12%,0.86%,4.57%,2.50%,,,,,,,,,,,,,,,,,
McCarthy (2000),100.00%,,,,,,,,$17,188.00,$20,000.00,,,$16,045.00,0.00%,15.20%,0.00%,0.00%,,,,,,,,
McGrath (2000),42.64%,,43.89%,0.75%,,0.75%,11.97%,1.00%,$43,056.00,$44,167.00,$41,875.00,$41,389.00,$21,553.00,8.70%,9.80%,10.80%,17.40%,,,,,,,,
McKinley Park (2000),92.96%,,0.70%,,,2.82%,3.52%,1.41%,$53,750.00,$64,583.00,$56,250.00,$31,250.00,$27,255.00,8.60%,11.50%,32.00%,0.00%,,,,,,,,
Meadow Lakes (2000),87.86%,0.54%,5.42%,0.60%,0.21%,0.58%,4.79%,3.01%,$41,030.00,$47,534.00,$40,948.00,$26,148.00,$17,295.00,12.30%,17.10%,23.70%,5.00%,,,,,,,,
Mekoryuk (2000),3.33%,,90.48%,,,,6.19%,0.48%,$30,833.00,$33,750.00,$25,417.00,$11,667.00,$11,958.00,13.70%,21.90%,36.70%,15.80%,,,,,,,,
Mendeltna (2000),92.06%,,7.94%,,,,,,$30,000.00,$28,750.00,$22,083.00,$8,750.00,$11,289.00,0.00%,0.00%,0.00%,0.00%,,,,,,,,
Mentasta Lake (2000),28.87%,,62.68%,,,,8.45%,,$17,344.00,$24,167.00,$20,833.00,$30,417.00,$11,275.00,21.90%,35.70%,40.00%,0.00%,,,,,,,,
Metlakatla (2000),9.53%,0.22%,81.82%,0.07%,,0.51%,7.85%,1.82%,$43,516.00,$49,671.00,$36,696.00,$22,292.00,$16,140.00,7.70%,8.00%,9.70%,6.30%,,,,,,,,
Metlakatla (2000),9.53%,0.22%,81.82%,0.07%,,0.51%,7.85%,1.82%,$43,516.00,$49,671.00,$36,696.00,$22,292.00,$16,140.00,7.70%,8.00%,9.70%,6.30%,,,,,,,,
Meyers Chuck, Wrangell (2000),90.48%,,,,,,9.52%,,$64,375.00,$64,375.00,$0.00,$0.00,$31,660.00,0.00%,0.00%,0.00%,0.00%,,,,,,,,
Minto (2000),7.75%,,91.86%,,,,0.39%,,$21,250.00,$37,500.00,$28,750.00,$28,125.00,$9,639.00,18.20%,26.40%,25.00%,12.50%,,,,,,,,
Moose Creek (2000),88.38%,3.69%,2.21%,1.29%,0.37%,0.92%,3.14%,2.95%,$44,375.00,$44,018.00,$24,643.00,$19,583.00,$17,980.00,11.00%,9.40%,17.80%,33.30%,,,,,,,,
Moose Pass (2000),87.38%,1.46%,5.83%,,,,5.34%,0.49%,$87,291.00,$85,463.00,$61,563.00,$31,563.00,$28,147.00,0.00%,0.00%,,,,,,,,,,
Mosquito Lake (2000),91.40%,,5.43%,,,,3.17%,,$34,688.00,$37,500.00,$42,917.00,$35,000.00,$16,415.00,30.00%,33.90%,62.30%,0.00%,,,,,,,,
Mountain Village (2000),6.36%,,90.46%,,0.13%,,3.05%,0.40%,$31,250.00,$30,000.00,$34,375.00,$32,917.00,$9,653.00,21.10%,22.20%,30.10%,0.00%,,,,,,,,
Mud Bay (2000),91.97%,,2.19%,,,0.73%,5.11%,2.19%,$44,750.00,$56,250.00,$53,750.00,$19,583.00,$24,720.00,0.00%,9.70%,0.00%,0.00%,,,,,,,,
Nabesna,,,,,,,,,,,,,,,,,,,,,,,,,
Naknek (2000),49.47%,2.00%,45.28%,0.15%,0.74%,,2.36%,0.29%,$53,393.00,$65,000.00,$44,375.00,$35,341.00,$21,182.00,3.10%,3.70%,2.90%,0.00%,,,,,,,,
Nanwalek (2000),6.78%,,89.27%,,,,3.95%,1.13%,$42,500.00,$45,750.00,$33,750.00,$32,813.00,$10,577.00,14.70%,17.50%,12.60%,0.00%,,,,,,,,
Napaimute,,,,,,,,,,,,,,,,,,,,,,,,,
Napakiak (2000),1.42%,1.70%,96.03%,,,,0.85%,0.28%,$28,750.00,$29,167.00,$26,250.00,$43,750.00,$7,319.00,16.20%,20.20%,20.70%,9.10%,,,,,,,,
Napaskiak (2000),1.54%,,97.44%,0.26%,,,0.77%,0.26%,$31,806.00,$32,083.00,$25,469.00,$25,000.00,$8,162.00,16.90%,20.20%,20.10%,20.00%,,,,,,,,
Naukati Bay (2000),86.67%,0.74%,9.63%,2.22%,,0.74%,,0.74%,$27,500.00,$32,917.00,$51,875.00,$0.00,$15,950.00,6.90%,9.40%,0.00%,0.00%,,,,,,,,
Nelchina (2000),90.14%,,4.23%,,,,5.63%,,$40,625.00,$40,625.00,$37,917.00,$18,750.00,$10,742.00,19.00%,17.80%,10.00%,0.00%,,,,,,,,
Nelson Lagoon,21.20%,,75.00%,1.90%,,,1.90%,,$43,750.00,$53,750.00,$31,250.00,$59,583.00,$27,596.00,0.00%,6.40%,0.00%,0.00%,,,,,,,,
Nenana (2000),50.75%,0.25%,41.04%,0.50%,,,7.46%,2.49%,$33,333.00,$40,938.00,$46,125.00,$26,094.00,$17,334.00,13.40%,17.80%,13.90%,19.40%,,,,,,,,
New Allakaket (2000),,,100.00%,,,,,,$30,625.00,$30,625.00,$0.00,$0.00,$5,576.00,42.90%,23.50%,26.30%,0.00%,,,,,,,,
New Stuyahok (2000),3.82%,,92.78%,,,,3.40%,1.27%,$26,042.00,$26,458.00,$31,250.00,$41,250.00,$7,931.00,32.60%,31.70%,43.50%,15.40%,,,,,,,,
Newhalen (2000),8.75%,,85.00%,,,,6.25%,,$36,250.00,$35,000.00,$38,333.00,$23,750.00,$9,448.00,26.70%,16.30%,17.90%,0.00%,,,,,,,,
Newtok (2000),3.12%,,95.33%,,,,1.56%,,$32,188.00,$32,188.00,$26,250.00,$15,625.00,$9,514.00,29.80%,31.00%,38.90%,0.00%,,,,,,,,
Nightmute (2000),5.29%,,91.83%,,,,2.88%,0.96%,$35,938.00,$36,250.00,$21,250.00,$23,125.00,$9,396.00,7.10%,10.70%,12.60%,0.00%,,,,,,,,
Nikiski (2000),87.15%,0.12%,7.56%,0.72%,0.51%,0.83%,3.12%,1.32%,$51,176.00,$55,969.00,$50,673.00,$26,779.00,$20,128.00,9.30%,11.40%,13.00%,7.50%,,,,,,,,
Nikolaevsk (2000),81.74%,,1.74%,0.29%,1.16%,2.03%,13.04%,0.29%,$37,500.00,$39,375.00,$26,250.00,$25,833.00,$10,390.00,15.80%,19.20%,20.90%,16.70%,,,,,,,,
Nikolai (2000),19.00%,,81.00%,,,,,,$15,000.00,$15,417.00,,,$11,029.00,21.10%,27.60%,22.20%,15.80%,,,,,,,,
Nikolski (2000),30.77%,,69.23%,,,,,,$38,750.00,$40,250.00,$26,250.00,$11,875.00,$14,083.00,23.50%,20.70%,13.60%,55.60%,,,,,,,,
Ninilchik (2000),82.25%,,13.99%,0.52%,,0.13%,3.11%,0.65%,$36,250.00,$41,750.00,$29,861.00,$22,750.00,$18,463.00,10.40%,13.90%,13.20%,7.20%,,,,,,,,
Noatak (2000),3.74%,0.23%,93.69%,,,,2.34%,0.23%,$30,833.00,$31,667.00,$25,833.00,$21,250.00,$9,659.00,25.00%,22.00%,21.90%,13.60%,,,,,,,,
Nome Census Area (2000),19.32%,0.38%,75.20%,0.67%,0.02%,0.20%,4.21%,1.00%,,,,,,,,,,,,,,,,,
Nome (2000),37.89%,0.86%,51.04%,1.54%,0.06%,0.43%,8.19%,2.05%,$59,402.00,$68,804.00,$50,521.00,$35,804.00,$23,402.00,5.40%,6.30%,4.30%,6.90%,,,,,,,,
Nondalton (2000),9.50%,,89.14%,,0.45%,,0.90%,0.45%,$19,583.00,$20,694.00,$27,500.00,$11,250.00,$8,411.00,37.30%,45.40%,51.70%,39.10%,,,,,,,,
Noorvik (2000),4.89%,,90.06%,,0.16%,,,4.89%,$51,964.00,$52,708.00,$34,750.00,$24,583.00,$12,020.00,9.40%,7.60%,8.60%,3.80%,,,,,,,,
North Pole (2000),80.96%,5.67%,3.57%,2.61%,0.45%,1.15%,5.61%,3.76%,$44,583.00,$54,583.00,$32,917.00,$27,240.00,$21,426.00,6.20%,8.70%,9.00%,22.60%,,,,,,,,
North Slope Borough,17.09%,0.72%,68.38%,5.92%,0.84%,0.50%,6.55%,2.37%,,,,,,,,,,,,,,,,,
Northway Junction (2000),41.67%,,48.61%,,,,9.72%,4.17%,$67,500.00,$63,750.00,$38,750.00,$36,250.00,$16,439.00,11.10%,15.80%,20.00%,0.00%,,,,,,,,
Northway Village (2000),1.87%,,89.72%,,,2.80%,5.61%,5.61%,$24,688.00,$26,875.00,$27,188.00,$22,500.00,$10,300.00,9.10%,25.00%,28.60%,0.00%,,,,,,,,
Northway,29.00%,,66.00%,,,,4.80%,,,,,,,,,,,,,,,,,,
Northwest Arctic Borough (2000),12.32%,0.21%,82.46%,0.89%,0.06%,0.36%,3.70%,0.79%,,,,,,,,,,,,,,,,,
Nuiqsut (2000),10.00%,0.20%,87.10%,,,,2.70%,,$48,036.00,$46,875.00,$31,667.00,$25,625.00,$14,876.00,3.20%,2.40%,1.10%,0.00%,,,,,,,,
Nulato (2000),5.06%,,92.86%,,,0.60%,1.49%,0.60%,$25,114.00,$26,944.00,$24,375.00,$25,313.00,$8,966.00,16.70%,18.10%,20.00%,4.50%,,,,,,,,
Nunam Iqua (2000),5.49%,0.61%,90.24%,,,,3.66%,,$29,000.00,$26,250.00,$48,750.00,$24,375.00,$6,725.00,40.60%,36.30%,40.90%,0.00%,,,,,,,,
Nunapitchuk (2000),3.43%,,95.49%,0.43%,,0.21%,0.43%,,$29,286.00,$30,313.00,$16,250.00,$36,250.00,$8,364.00,14.60%,20.70%,29.90%,0.00%,,,,,,,,
Old Harbor (2000),13.08%,,73.00%,,,,13.92%,,$32,500.00,$26,000.00,$33,750.00,$23,750.00,$14,265.00,30.80%,29.50%,32.50%,0.00%,,,,,,,,
Oscarville (2000),0.00%,,98.36%,,,,1.64,,$8,125.00,$16,250.00,$24,375.00,$0.00,$5,824.00,50.00%,40.00%,18.80%,100.00%,,,,,,,,
Ouzinkie (2000),11.11%,,80.89%,,,,8.00%,4.44%,$52,500.00,$54,375.00,$38,333.00,$45,625.00,$19,324.00,6.10%,6.00%,8.80%,4.50%,,,,,,,,
Palmer,80.94%,2.05%,8.18%,1.06%,0.33%,1.15%,6.29%,3.51%,$45,571.00,$53,164.00,$44,716.00,$25,221.00,$17,203.00,6.00%,12.70%,12.60%,4.20%,,,,,,,,
Pauloff Harbor,,,,,,,,,,,,,,,,,,,,,,,,,
Paxson (2000),100.00%,,,,,,,,$46,500.00,$46,667.00,$45,625.00,$21,250.00,$26,071.00,0.00%,0.00%,,,,,,,,,,
Pedro Bay (2000),36.00%,,40.00%,,,,24.00%,,$36,750.00,$35,750.00,$30,938.00,$36,250.00,$18,420.00,0.00%,6.00%,0.00%,0.00%,,,,,,,,
Pelican (2000),72.39%,,21.47%,1.23%,,0.61%,4.29%,0.61%,$48,750.00,$57,083.00,$50,500.00,$3,750.00,$29,347.00,0.00%,4.70%,,,,,,,,,,
Perryville (2000),1.87%,,97.20%,,,,0.93%,,$51,875.00,$54,583.00,$0.00,$38,750.00,$20,935.00,5.30%,16.00%,12.50%,0.00%,,,,,,,,
Petersburg (2000),81.64%,0.31%,7.20%,2.76%,0.19%,1.86%,6.05%,2.85%,$49,028.00,$54,934.00,$42,135.00,$28,792.00,$25,827.00,3.30%,5.00%,3.50%,4.20%,,,,,,,,
Petersville (2000),88.89%,,7.41%,,3.70%,,,,$43,750.00,$0.00,$0.00,$0.00,$43,200.00,0.00%,0.00%,0.00%,0.00%,,,,,,,,
Pilot Point (2000),14.00%,,86.00%,,,,,,$41,250.00,$36,250.00,$23,750.00,$43,750.00,$12,627.00,18.20%,20.80%,18.90%,0.00%,,,,,,,,
Pilot Station (2000),2.36%,,96.91%,,,,0.73%,,$31,071.00,$27,411.00,$27,917.00,$16,667.00,$7,311.00,25.30%,28.70%,26.00%,28.10%,,,,,,,,
Pitkas Point (2000),6.40%,,91.20%,,,,2.40%,,$41,875.00,$46,250.00,$26,250.00,$21,250.00,$10,488.00,40.00%,32.20%,33.30%,57.10%,,,,,,,,
Platinum (2000),7.32%,,90.24%,,,,2.44%,,$21,250.00,$22,500.00,,,$7,632.00,33.30%,22.00%,33.00%,0.00%,,,,,,,,
Pleasant Valley (2000),87.96%,,4.82%,2.09%,0.32%,0.16%,4.65%,2.57%,$49,464.00,$41,719.00,$50,750.00,$22,969.00,$18,633.00,10.10%,7.00%,7.40%,0.00%,,,,,,,,
Point Baker (2000),91.43%,,2.86%,,,,5.71%,,$28,000.00,$28,250.00,$0.00,$31,250.00,$12,580.00,0.00%,4.90%,0.00%,0.00%,,,,,,,,
Point Hope,5.80%,0.40%,87.80%,,,0.10%,3.90%,1.90%,$63,125.00,$66,250.00,$41,750.00,$35,625.00,$16,641.00,13.90%,14.80%,17.30%,16.20%,,,,,,,,
Point Lay,10.10%,,88.40%,,0.50%,,0.50%,0.50%,$68,750.00,$75,883.00,$46,071.00,$25,625.00,$18,003.00,11.40%,7.40%,8.10%,0.00%,,,,,,,,
Point MacKenzie (2000),91.89%,0.90%,3.60%,1.80%,,,1.80%,,$23,250.00,$69,688.00,$46,563.00,$0.00,$23,228.00,17.40%,22.70%,0.00%,0.00%,,,,,,,,
Point Possession,,,,,,,,,,,,,,,,,,,,,,,,,
Pope-Vannoy Landing (2000),37.50%,,25.00%,,,,37.50%,,,,,,,,,,,,,,,,,,
Port Alexander (2000),83.95%,,4.94%,,,,11.11%,4.94%,$31,563.00,$31,875.00,$51,250.00,$41,250.00,$14,767.00,25.00%,22.90%,18.50%,0.00%,,,,,,,,
Port Alsworth (2000),77.88%,,4.81%,,,,17.31%,,$58,750.00,$62,083.00,$50,417.00,$17,083.00,$21,716.00,0.00%,6.00%,0.00%,0.00%,,,,,,,,
Port Clarence (2000),90.48%,4.76%,,,,4.76%,,4.76%,$0.00,$0.00,$29,688.00,$0.00,$35,286.00,0.00%,0.00%,0.00%,0.00%,,,,,,,,
Port Graham (2000),11.11%,,84.80%,,,0.58%,3.51%,3.51%,$40,250.00,$43,438.00,$36,250.00,$14,250.00,$13,666.00,15.10%,18.80%,25.90%,11.10%,,,,,,,,
Port Heiden (2000),19.33%,,65.55%,,,2.52%,12.61%,2.52%,$31,875.00,$70,000.00,$53,750.00,$21,667.00,$20,532.00,0.00%,5.60%,0.00%,25.00%,,,,,,,,
Port Lions (2000),34.77%,,63.28%,,,,1.95%,1.95%,$39,107.00,$42,656.00,$41,250.00,$30,625.00,$17,492.00,12.70%,12.10%,15.00%,10.70%,,,,,,,,
Port Protection (2000),87.30%,,,1.59%,,,11.11%,4.76%,$10,938.00,$41,250.00,$0.00,$51,250.00,$12,058.00,44.40%,57.50%,73.30%,60.00%,,,,,,,,
Port Walter,,,,,,,,,,,,,,,,,,,,,,,,,
Portage Creek (2000),13.89%,,86.11%,,,,,,$41,250.00,$41,250.00,$0.00,$16,250.00,$8,010.00,0.00%,0.00%,0.00%,0.00%,,,,,,,,
Primrose,91.40%,,3.23%,1.08%,1.08%,,3.23%,,$66,111.00,$66,944.00,$48,472.00,$0.00,$18,904.00,0.00%,0.00%,,,,,,,,,,
Prince of Wales-Hyder Census Area (2000),53.12%,0.15%,38.68%,0.36%,0.05%,0.50%,7.14%,1.74%,,,,,,,,,,,,,,,,,
Prudhoe Bay,83.00%,1.90%,7.50%,1.50%,0.10%,0.30%,1.60%,4.00%,,,,,,,,,,,,,,,,,
Quinhagak (2000),2.70%,,96.04%,,,,1.26%,0.72%,$25,156.00,$25,313.00,$23,750.00,$36,250.00,$8,127.00,27.20%,26.10%,34.00%,25.00%,,,,,,,,
Rampart (2000),6.67%,,88.89%,,,2.22%,2.22%,,$22,813.00,$23,438.00,$53,750.00,$21,250.00,$12,438.00,18.20%,17.90%,18.20%,0.00%,,,,,,,,
Razdolna,,,,,,,,,,,,,,,,,,,,,,,,,
Red Devil,17.40%,,43.50%,,,,39.10%,,$59,886.00,,,,,,40.40%,,,,,,,,,,
Red Dog Mine (2000),31.25%,,65.62%,,,,3.12%,,,,$0.00,$0.00,$34,438.00,,37.90%,,,,,,,,,,
Ridgeway (2000),87.78%,0.36%,4.30%,0.78%,0.10%,1.55%,5.12%,2.54%,$50,625.00,$56,985.00,$51,488.00,$36,786.00,$23,225.00,7.40%,9.40%,11.60%,15.50%,,,,,,,,
Ruby (2000),13.83%,,82.98%,,,,3.19%,,$24,375.00,$26,667.00,$21,250.00,$24,167.00,$9,544.00,23.80%,32.30%,45.30%,,,,,,,,,
Russian Mission (2000),6.08%,,93.92%,,,,,,$27,500.00,$22,500.00,$17,083.00,$13,750.00,$8,358.00,15.60%,21.80%,21.70%,15.40%,,,,,,,,
Sagwon,,,,,,,,,,,,,,,,,,,,,,,,,
Saint George (2000),7.89%,,92.11%,,,,,,$57,083.00,$60,625.00,$50,625.00,$31,250.00,$21,131.00,4.90%,7.90%,4.00%,0.00%,,,,,,,,
Saint Mary%27s (2000),11.20%,,87.20%,,,,,0.40%,$39,375.00,$31,875.00,$35,313.00,$22,250.00,$15,837.00,21.50%,20.40%,28.20%,10.30%,,,,,,,,
Saint Michael (2000),6.79%,,92.66%,,,,0.54%,0.27%,$33,036.00,$34,000.00,$31,250.00,$16,250.00,$10,692.00,24.20%,22.90%,23.10%,41.70%,,,,,,,,
Saint Paul (2000),12.97%,,85.90%,,0.56%,,0.56%,,$50,750.00,$51,750.00,$32,583.00,$29,792.00,$18,408.00,6.40%,11.90%,18.90%,0.00%,,,,,,,,
Salamatof (2000),71.80%,3.35%,19.92%,0.52%,0.10%,0.94%,3.35%,3.35%,$44,861.00,$46,719.00,$40,250.00,$31,250.00,$16,306.00,11.90%,11.90%,14.40%,7.70%,,,,,,,,
Salcha (2000),87.82%,1.64%,3.86%,0.94%,0.23%,1.29%,4.22%,2.81%,$54,063.00,$61,563.00,$42,863.00,$26,071.00,$22,616.00,0.00%,3.90%,0.00%,0.00%,,,,,,,,
Sand Point (2000),27.73%,1.47%,42.33%,23.21%,0.32%,2.21%,2.73%,13.55%,$55,417.00,$58,000.00,$20,000.00,$22,500.00,$21,954.00,10.30%,16.00%,14.40%,32.10%,,,,,,,,
Savoonga (2000),4.35%,,95.33%,0.16%,,0.16%,,,$23,438.00,$27,917.00,$30,500.00,$29,167.00,$7,725.00,29.30%,29.10%,40.60%,9.80%,,,,,,,,
Saxman (2000),28.07%,0.46%,66.13%,0.46%,0.23%,,4.64%,2.32%,$44,375.00,$45,417.00,$35,139.00,$37,500.00,$15,642.00,7.40%,12.10%,20.40%,6.30%,,,,,,,,
Scammon Bay (2000),1.94%,0.22%,96.13%,,0.22%,0.22%,1.29%,0.22%,$25,625.00,$25,938.00,$36,875.00,$13,750.00,$7,719.00,30.20%,37.40%,49.00%,0.00%,,,,,,,,
Selawik (2000),3.24%,0.13%,94.82%,0.78%,0.13%,,0.91%,0.13%,$25,625.00,$27,639.00,$50,278.00,$40,417.00,$8,170.00,34.60%,34.40%,36.20%,22.70%,,,,,,,,
Seldovia Village (2000),56.25%,,36.81%,0.69%,,2.08%,4.17%,0.69%,$31,250.00,$40,500.00,$40,625.00,$33,750.00,$21,396.00,16.70%,23.50%,11.10%,100.00%,,,,,,,,
Seldovia (2000),72.50%,1.20%,13.70%,1.20%,0.00%,0.00%,11.40%,3.90%,$50,313.00,$68,750.00,$61,875.00,$21,667.00,$30,754.00,1.70%,8.70%,2.20%,1.90%,,,,,,,,
Seward (2000),72.12%,2.44%,16.68%,1.84%,0.18%,0.88%,5.87%,2.40%,$44,306.00,$54,904.00,$36,900.00,$30,508.00,$20,360.00,8.30%,10.60%,12.70%,7.90%,,,,,,,,
Shageluk (2000),3.10%,,96.90%,,,,,,$26,667.00,$24,000.00,$11,250.00,$22,083.00,$7,587.00,11.80%,16.20%,23.50%,0.00%,,,,,,,,
Shaktoolik (2000),5.22%,,94.35%,,,,0.43%,,$31,875.00,$35,000.00,$30,313.00,$37,917.00,$10,491.00,0.00%,6.10%,0.00%,18.80%,,,,,,,,
Shishmaref (2000),5.34%,,93.24%,,,,1.42%,0.53%,$30,714.00,$29,306.00,$35,357.00,$25,000.00,$10,487.00,16.20%,16.30%,21.20%,10.50%,,,,,,,,
Shungnak (2000),5.47%,,94.53%,,,,,,$44,375.00,$41,000.00,$25,750.00,$33,750.00,$10,377.00,21.70%,35.80%,46.20%,0.00%,,,,,,,,
Silver Springs (2000),86.15%,,8.46%,,,2.31%,3.08%,,$53,750.00,$74,583.00,$55,208.00,$28,750.00,$23,464.00,6.90%,7.40%,11.40%,0.00%,,,,,,,,
Sitka,64.60%,1.00%,24.60%,8.10%,0.90%,1.80%,,4.90%,$62,024.00,,,,,4.30%,7.00%,,,,,,,,,,
Skagway (2000),92.34%,,3.02%,0.58%,0.23%,0.81%,3.02%,2.09%,$49,375.00,$62,188.00,$44,583.00,$30,956.00,$27,700.00,1.00%,3.70%,0.00%,4.50%,,,,,,,,
Skwentna (2000),92.79%,,6.31%,,,,0.90%,,$16,250.00,$52,917.00,$13,333.00,$18,750.00,$23,994.00,0.00%,5.80%,0.00%,0.00%,,,,,,,,
Slana (2000),80.65%,,13.71%,0.81%,,2.42%,2.42%,,$19,583.00,$57,917.00,$46,250.00,$31,250.00,$20,018.00,20.00%,23.50%,62.50%,14.30%,,,,,,,,
Sleetmute (2000),11.00%,,89.00%,,,,,,$15,000.00,$20,417.00,$6,250.00,$0.00,$8,150.00,47.40%,57.70%,78.60%,25.00%,,,,,,,,
Soldotna,86.00%,0.30%,4.30%,1.60%,0.30%,0.80%,6.80%,3.90%,$44,805.00,$56,208.00,,,$30,553.00,3.00%,6.10%,2.90%,8.30%,,,,,,,,
Solomon,,,,,,,,,,,,,,,,,,,,,,,,,
South Naknek (2000),13.14%,1.46%,83.94%,0.73%,0.73%,,,2.19%,$22,344.00,$44,375.00,$30,625.00,$23,750.00,$13,019.00,16.10%,27.10%,41.70%,0.00%,,,,,,,,
South Van Horn,,,,,,,,,$39,883.00,,,,,,,,,,,,,,,,
Southeast Fairbanks Census Area (2000),78.99%,1.98%,12.71%,0.68%,0.15%,0.73%,4.76%,2.70%,,,,,,,,,,,,,,,,,
Stebbins (2000),5.12%,0.18%,93.97%,,,,0.73%,,$23,125.00,$28,214.00,$33,125.00,$20,000.00,$8,249.00,40.40%,41.90%,45.50%,33.30%,,,,,,,,
Steele Creek,87.40%,0.80%,3.80%,0.90%,0.20%,1.10%,5.90%,3.20%,,,,,,,,,,,,,,,,,
Sterling (2000),92.69%,0.36%,3.25%,0.53%,0.11%,0.60%,2.47%,1.21%,$47,700.00,$53,889.00,$45,063.00,$27,946.00,$20,741.00,7.70%,10.00%,11.80%,5.90%,,,,,,,,
Stevens Village (2000),3.45%,,95.40%,,,1.15%,,6.90%,$12,500.00,$11,563.00,$11,250.00,$0.00,$7,113.00,60.00%,61.20%,70.80%,25.00%,,,,,,,,
Stony River (2000),14.75%,,78.69%,,,,6.56%,,$20,714.00,$20,714.00,$8,750.00,$0.00,$5,469.00,38.90%,38.70%,36.70%,0.00%,,,,,,,,
Sunrise (2000),88.89%,,,,,,11.11%,,$56,250.00,$0.00,$56,250.00,$0.00,$56,000.00,,0.00%,,,,,,,,,,
Suntrana,,,,,,,,,,,,,,,,,,,,,,,,,
Susitna North (2000),85.88%,0.63%,6.59%,0.63%,,0.84%,5.44%,2.30%,$31,848.00,$38,304.00,$54,500.00,$35,625.00,$15,437.00,9.50%,17.40%,12.40%,13.20%,,,,,,,,
Susitna (2000),89.19%,,,,,,10.81%,,$22,500.00,$51,250.00,$51,250.00,$0.00,$17,355.00,0.00%,16.10%,0.00%,0.00%,,,,,,,,
Sutton-Alpine (2000),67.50%,4.54%,22.41%,0.28%,0.37%,0.74%,4.17%,1.57%,$35,652.00,$36,563.00,$31,827.00,$28,750.00,$20,436.00,6.90%,11.30%,15.80%,5.70%,,,,,,,,
Takotna,58.00%,,42.00%,,,,,,$14,583.00,$17,500.00,$51,250.00,$33,125.00,$13,143.00,20.00%,16.20%,25.00%,0.00%,,,,,,,,
Talkeetna (2000),87.95%,,3.76%,0.13%,,1.30%,6.87%,1.04%,$38,289.00,$46,818.00,$34,732.00,$26,250.00,$23,695.00,7.20%,10.80%,8.80%,0.00%,,,,,,,,
Tanacross (2000),8.57%,,88.57%,,,1.43%,1.43%,1.43%,$22,083.00,$31,250.00,$71,250.00,$24,583.00,$9,429.00,22.60%,33.30%,43.60%,0.00%,,,,,,,,
Tanaina (2000),87.88%,0.54%,4.67%,0.60%,0.02%,1.38%,4.91%,3.44%,$64,491.00,$71,629.00,$47,917.00,$30,474.00,$23,967.00,6.10%,7.50%,8.60%,0.00%,,,,,,,,
Tanana (2000),17.86%,,79.87%,,,,2.27%,0.65%,$29,750.00,$34,028.00,$30,781.00,$23,500.00,$12,077.00,16.40%,23.00%,15.00%,0.00%,,,,,,,,
Tatitlek (2000),14.02%,,84.11%,0.93%,,,0.93%,,$36,875.00,$36,667.00,$26,250.00,$8,750.00,$13,015.00,17.90%,24.20%,18.20%,0.00%,,,,,,,,
Tazlina (2000),69.13%,,24.83%,,,,6.04%,2.68%,$56,000.00,$57,917.00,$42,500.00,$25,625.00,$23,992.00,7.30%,8.10%,14.90%,0.00%,,,,,,,,
Teller (2000),7.46%,,92.54%,,,,,0.37%,$23,000.00,$20,000.00,$25,625.00,$31,250.00,$8,617.00,33.90%,37.70%,45.00%,27.80%,,,,,,,,
Tenakee Springs (2000),87.50%,,2.88%,0.96%,0.96%,1.92%,5.77%,2.88%,$33,125.00,$41,250.00,$38,125.00,$26,250.00,$20,482.00,9.10%,11.80%,10.00%,33.30%,,,,,,,,
Tetlin (2000),2.56%,,94.87%,,,,2.56%,,$12,250.00,$18,750.00,$0.00,$0.00,$7,372.00,40.00%,48.40%,61.30%,28.60%,,,,,,,,
Thoms Place, Wrangell (2000),86.36%,,13.64%,,,,,,$28,750.00,$28,750.00,$0.00,$0.00,$16,086.00,33.30%,31.00%,0.00%,0.00%,,,,,,,,
Thorne Bay (2000),92.46%,,2.87%,,0.18%,0.54%,3.95%,1.26%,$45,625.00,$46,875.00,$40,893.00,$34,375.00,$20,836.00,6.30%,7.80%,5.40%,7.10%,,,,,,,,
Togiak (2000),6.92%,0.12%,86.28%,,,0.25%,6.43%,1.11%,$23,977.00,$28,500.00,$36,250.00,$34,063.00,$9,676.00,32.50%,29.90%,31.90%,8.70%,,,,,,,,
Tok (2000),78.03%,0.14%,12.85%,0.43%,,0.93%,7.61%,2.08%,$37,941.00,$49,219.00,$45,375.00,$30,268.00,$18,521.00,9.50%,10.50%,10.40%,7.70%,,,,,,,,
Toksook Bay (2000),2.44%,,94.36%,,,,3.20%,,$30,208.00,$32,188.00,$22,813.00,$36,250.00,$8,761.00,26.90%,27.30%,37.40%,28.60%,,,,,,,,
Tolsona (2000),85.19%,,11.11%,,,,3.70%,3.70%,$11,250.00,$0.00,$0.00,$0.00,$10,000.00,0.00%,0.00%,,,,,,,,,,
Tonsina (2000),84.78%,2.17%,9.78%,3.26%,,,,,$32,188.00,$48,750.00,$58,000.00,$25,000.00,$13,390.00,7.40%,6.70%,0.00%,0.00%,,,,,,,,
Trapper Creek (2000),87.71%,0.24%,8.27%,0.47%,,,3.31%,1.18%,$27,031.00,$34,250.00,$65,446.00,$11,250.00,$18,247.00,27.60%,24.70%,16.70%,22.60%,,,,,,,,
Tuluksak (2000),5.14%,,94.16%,0.70%,,,,,$21,563.00,$33,125.00,$21,250.00,$31,250.00,$7,132.00,21.30%,27.90%,33.60%,11.10%,,,,,,,,
Tuntutuliak (2000),0.81%,,98.92%,,,,0.27%,0.81%,$25,500.00,$26,000.00,$38,750.00,$18,750.00,$7,918.00,27.30%,23.00%,29.10%,0.00%,,,,,,,,
Tununak (2000),3.08%,,94.77%,,,,2.15%,,$25,000.00,$26,500.00,$18,125.00,$0.00,$7,653.00,29.60%,30.80%,37.90%,50.00%,,,,,,,,
Twin Hills (2000),5.80%,,84.06%,,,,10.14%,,$29,375.00,$20,625.00,$0.00,$0.00,$16,856.00,22.20%,27.90%,61.50%,0.00%,,,,,,,,
Two Rivers (2000),88.59%,0.21%,2.70%,2.49%,,0.83%,5.19%,1.24%,$58,571.00,$58,661.00,$45,500.00,$21,736.00,$24,351.00,0.00%,0.00%,0.00%,0.00%,,,,,,,,
Tyonek (2000),4.66%,,95.34%,,,,,2.59%,$26,667.00,$29,792.00,$26,250.00,$26,250.00,$11,261.00,2.10%,13.90%,0.00%,0.00%,,,,,,,,
Ugashik,18.18%,,0.00%,,,,79.80%,,$28,750.00,$35,417.00,$0.00,$0.00,$12,530.00,0.00%,10.00%,0.00%,0.00%,,,,,,,,
Umiat,,,,,,,,,,,,,,,,,,,,,,,,,
Umkumiute,,,,,,,,,,,,,,,,,,,,,,,,,
Unalakleet,15.00%,0.60%,77.30%,,,0.10%,6.40%,1.00%,$42,083.00,$45,625.00,$41,964.00,$32,500.00,$15,845.00,12.50%,11.00%,11.30%,10.00%,,,,,,,,
Unalaska,39.20%,6.90%,6.10%,32.60%,2.20%,7.40%,5.60%,15.20%,,,,,,,,,,,,,,,,,
Upper Kalskag (2000),8.70%,0.43%,85.65%,,,,5.22%,,$28,333.00,$32,708.00,$16,667.00,$20,938.00,$7,859.00,24.50%,24.20%,28.40%,5.30%,,,,,,,,
Usibelli,,,,,,,,,,,,,,,,,,,,,,,,,
Valdez-Cordova Census Area (2000),75.90%,0.32%,13.25%,3.55%,0.26%,1.13%,5.58%,2.81%,,,,,,,,,,,,,,,,,
Valdez,78.60%,0.60%,7.60%,1.90%,0.80%,,5.80%,4.70%,$66,532.00,$74,188.00,$56,932.00,$31,855.00,$27,341.00,5.00%,6.20%,5.30%,11.40%,,,,,,,,
Venetie (2000),3.47%,,92.08%,,,,4.46%,,$21,000.00,$21,429.00,$22,500.00,$23,750.00,$7,314.00,34.00%,42.80%,52.80%,0.00%,,,,,,,,
Voznesenka,,,,,,,,,,,,,,,,,,,,,,,,,
Wainwright,7.90%,,90.10%,,,,1.60%,0.40%,$54,722.00,$58,125.00,$36,667.00,$40,313.00,$16,709.00,8.50%,12.50%,18.40%,5.30%,,,,,,,,
Wales (2000),8.55%,0.66%,83.55%,,,0.66%,6.58%,0.66%,$33,333.00,$39,583.00,$29,375.00,$22,188.00,$14,877.00,17.20%,18.30%,26.20%,50.00%,,,,,,,,
Ward Cove,,,,,,,,,,,,,,,,,,,,,,,,,
Wasilla (2000),85.50%,0.60%,5.30%,1.30%,0.10%,1.30%,5.90%,3.70%,$48,226.00,$53,792.00,$41,332.00,$29,119.00,$21,127.00,5.70%,9.60%,12.60%,9.70%,,,,,,,,
Waterfall,,,,,,,,,,,,,,,,,,,,,,,,,
Whale Pass (2000),96.55%,,1.72%,,,,1.72%,6.90%,$62,083.00,$72,500.00,$0.00,$0.00,$24,040.00,0.00%,0.00%,,,,,,,,,,
White Mountain (2000),13.30%,,83.74%,,,0.49%,2.46%,0.49%,$25,833.00,$29,688.00,$41,250.00,$31,250.00,$10,034.00,16.30%,22.40%,15.10%,12.50%,,,,,,,,
Whitestone Logging Camp,92.24%,,2.59%,0.86%,,,4.31%,,$60,625.00,$64,375.00,$72,083.00,$27,917.00,$21,810.00,0.00%,0.00%,,,,,,,,,,
Whitestone,,,,,,,,,,,,,,,,,,,,,,,,,
Whittier,78.38%,,4.96%,4.05%,3.60%,,9.01%,5.41%,$46,250.00,,,,$31,624.00,,,,,,,,,,,,
Willow Creek (2000),85.07%,0.50%,5.47%,0.50%,,1.00%,7.46%,1.00%,$36,563.00,$40,000.00,$48,750.00,$26,250.00,$18,242.00,3.60%,6.90%,0.00%,7.70%,,,,,,,,
Willow (2000),92.40%,,3.08%,0.24%,,0.42%,3.86%,1.27%,$38,906.00,$41,944.00,$42,188.00,$29,792.00,$22,323.00,15.30%,22.10%,38.10%,4.60%,,,,,,,,
Wiseman (2000),81.00%,,19.00%,,,,,,$23,750.00,$24,583.00,$0.00,$11,250.00,$8,211.00,0.00%,10.00%,0.00%,0.00%,,,,,,,,
Womens Bay (2000),85.80%,0.58%,6.09%,1.45%,,,6.09%,1.74%,$72,083.00,$71,250.00,$49,792.00,$40,605.00,$27,746.00,0.00%,0.00%,0.00%,0.00%,,,,,,,,
Wrangell (2000),73.48%,0.13%,15.51%,0.65%,0.13%,0.35%,9.75%,1.00%,$43,250.00,$54,167.00,$43,846.00,$29,205.00,$21,851.00,7.30%,9.00%,11.00%,9.30%,,,,,,,,
Yakutat,50.37%,0.12%,39.60%,1.24%,0.74%,,7.92%,0.74%,$46,786.00,$51,875.00,$41,635.00,$25,398.00,$22,579.00,11.80%,13.50%,22.50%,8.30%,,,,,,,,
Yukon-Koyukuk Census Area (2000),24.27%,0.09%,70.89%,0.37%,0.05%,0.43%,3.91%,1.19%,,,,,,,,,,,,,,,,,
,,,,,,,,,,,,,,,,,,,,,,,,,
,,,,,,,,,,,,,,,,,,,,,,,,,
,,,,,,,,,,,,,,,,,,,,,,,,,
,,,,,,,,,,,,,,,,,,,,,,,,,
,,,,,,,,,,,,,,,,,,,,,,,,,
,,,,,,,,,,,,,,,,,,,,,,,,,
,,,,,,,,,,,,,,,,,,,,,,,,,
,,,,,,,,,,,,,,,,,,,,,,,,,
,,,,,,,,,,,,,,,,,,,,,,,,,
,,,,,,,,,,,,,,,,,,,,,,,,,
,,,,,,,,,,,,,,,,,,,,,,,,,
,,,,,,,,,,,,,,,,,,,,,,,,,
,,,,,,,,,,,,,,,,,,,,,,,,,
,,,,,,,,,,,,,,,,,,,,,,,,,
,,,,,,,,,,,,,,,,,,,,,,,,,
,,,,,,,,,,,,,,,,,,,,,,,,,
,,,,,,,,,,,,,,,,,,,,,,,,,
,,,,,,,,,,,,,,,,,,,,,,,,,
,,,,,,,,,,,,,,,,,,,,,,,,,
,,,,,,,,,,,,,,,,,,,,,,,,,
,,,,,,,,,,,,,,,,,,,,,,,,,
,,,,,,,,,,,,,,,,,,,,,,,,,
,,,,,,,,,,,,,,,,,,,,,,,,,
,,,,,,,,,,,,,,,,,,,,,,,,,
,,,,,,,,,,,,,,,,,,,,,,,,,
,,,,,,,,,,,,,,,,,,,,,,,,,
,,,,,,,,,,,,,,,,,,,,,,,,,
,,,,,,,,,,,,,,,,,,,,,,,,,
,,,,,,,,,,,,,,,,,,,,,,,,,
,,,,,,,,,,,,,,,,,,,,,,,,,
,,,,,,,,,,,,,,,,,,,,,,,,,
,,,,,,,,,,,,,,,,,,,,,,,,,
,,,,,,,,,,,,,,,,,,,,,,,,,
,,,,,,,,,,,,,,,,,,,,,,,,,
,,,,,,,,,,,,,,,,,,,,,,,,,
,,,,,,,,,,,,,,,,,,,,,,,,,
,,,,,,,,,,,,,,,,,,,,,,,,,
,,,,,,,,,,,,,,,,,,,,,,,,,
,,,,,,,,,,,,,,,,,,,,,,,,,
,,,,,,,,,,,,,,,,,,,,,,,,,
,,,,,,,,,,,,,,,,,,,,,,,,,
,,,,,,,,,,,,,,,,,,,,,,,,,
,,,,,,,,,,,,,,,,,,,,,,,,,
,,,,,,,,,,,,,,,,,,,,,,,,,
,,,,,,,,,,,,,,,,,,,,,,,,,
,,,,,,,,,,,,,,,,,,,,,,,,,
,,,,,,,,,,,,,,,,,,,,,,,,,
,,,,,,,,,,,,,,,,,,,,,,,,,
,,,,,,,,,,,,,,,,,,,,,,,,,
,,,,,,,,,,,,,,,,,,,,,,,,,
,,,,,,,,,,,,,,,,,,,,,,,,,
,,,,,,,,,,,,,,,,,,,,,,,,,
,,,,,,,,,,,,,,,,,,,,,,,,,
,,,,,,,,,,,,,,,,,,,,,,,,,
,,,,,,,,,,,,,,,,,,,,,,,,,
,,,,,,,,,,,,,,,,,,,,,,,,,
,,,,,,,,,,,,,,,,,,,,,,,,,
,,,,,,,,,,,,,,,,,,,,,,,,,
,,,,,,,,,,,,,,,,,,,,,,,,,
,,,,,,,,,,,,,,,,,,,,,,,,,
,,,,,,,,,,,,,,,,,,,,,,,,,
,,,,,,,,,,,,,,,,,,,,,,,,,
,,,,,,,,,,,,,,,,,,,,,,,,,
,,,,,,,,,,,,,,,,,,,,,,,,,
,,,,,,,,,,,,,,,,,,,,,,,,,
,,,,,,,,,,,,,,,,,,,,,,,,,
,,,,,,,,,,,,,,,,,,,,,,,,,
,,,,,,,,,,,,,,,,,,,,,,,,,
,,,,,,,,,,,,,,,,,,,,,,,,,
,,,,,,,,,,,,,,,,,,,,,,,,,
,,,,,,,,,,,,,,,,,,,,,,,,,
,,,,,,,,,,,,,,,,,,,,,,,,,
,,,,,,,,,,,,,,,,,,,,,,,,,
,,,,,,,,,,,,,,,,,,,,,,,,,
,,,,,,,,,,,,,,,,,,,,,,,,,
,,,,,,,,,,,,,,,,,,,,,,,,,
,,,,,,,,,,,,,,,,,,,,,,,,,
,,,,,,,,,,,,,,,,,,,,,,,,,
,,,,,,,,,,,,,,,,,,,,,,,,,
,,,,,,,,,,,,,,,,,,,,,,,,,
,,,,,,,,,,,,,,,,,,,,,,,,,
,,,,,,,,,,,,,,,,,,,,,,,,,
,,,,,,,,,,,,,,,,,,,,,,,,,
,,,,,,,,,,,,,,,,,,,,,,,,,
,,,,,,,,,,,,,,,,,,,,,,,,,
,,,,,,,,,,,,,,,,,,,,,,,,,
,,,,,,,,,,,,,,,,,,,,,,,,,
,,,,,,,,,,,,,,,,,,,,,,,,,
,,,,,,,,,,,,,,,,,,,,,,,,,
,,,,,,,,,,,,,,,,,,,,,,,,,
,,,,,,,,,,,,,,,,,,,,,,,,,
,,,,,,,,,,,,,,,,,,,,,,,,,
,,,,,,,,,,,,,,,,,,,,,,,,,
,,,,,,,,,,,,,,,,,,,,,,,,,
,,,,,,,,,,,,,,,,,,,,,,,,,
,,,,,,,,,,,,,,,,,,,,,,,,,
,,,,,,,,,,,,,,,,,,,,,,,,,
,,,,,,,,,,,,,,,,,,,,,,,,,
,,,,,,,,,,,,,,,,,,,,,,,,,
,,,,,,,,,,,,,,,,,,,,,,,,,
,,,,,,,,,,,,,,,,,,,,,,,,,
,,,,,,,,,,,,,,,,,,,,,,,,,
,,,,,,,,,,,,,,,,,,,,,,,,,
,,,,,,,,,,,,,,,,,,,,,,,,,
,,,,,,,,,,,,,,,,,,,,,,,,,
,,,,,,,,,,,,,,,,,,,,,,,,,
,,,,,,,,,,,,,,,,,,,,,,,,,
,,,,,,,,,,,,,,,,,,,,,,,,,
,,,,,,,,,,,,,,,,,,,,,,,,,
,,,,,,,,,,,,,,,,,,,,,,,,,
,,,,,,,,,,,,,,,,,,,,,,,,,
,,,,,,,,,,,,,,,,,,,,,,,,,
,,,,,,,,,,,,,,,,,,,,,,,,,
,,,,,,,,,,,,,,,,,,,,,,,,,
,,,,,,,,,,,,,,,,,,,,,,,,,
,,,,,,,,,,,,,,,,,,,,,,,,,
,,,,,,,,,,,,,,,,,,,,,,,,,
,,,,,,,,,,,,,,,,,,,,,,,,,
,,,,,,,,,,,,,,,,,,,,,,,,,
,,,,,,,,,,,,,,,,,,,,,,,,,
,,,,,,,,,,,,,,,,,,,,,,,,,
,,,,,,,,,,,,,,,,,,,,,,,,,
,,,,,,,,,,,,,,,,,,,,,,,,,
,,,,,,,,,,,,,,,,,,,,,,,,,
,,,,,,,,,,,,,,,,,,,,,,,,,
,,,,,,,,,,,,,,,,,,,,,,,,,
,,,,,,,,,,,,,,,,,,,,,,,,,
,,,,,,,,,,,,,,,,,,,,,,,,,
,,,,,,,,,,,,,,,,,,,,,,,,,
,,,,,,,,,,,,,,,,,,,,,,,,,
,,,,,,,,,,,,,,,,,,,,,,,,,
,,,,,,,,,,,,,,,,,,,,,,,,,
,,,,,,,,,,,,,,,,,,,,,,,,,
,,,,,,,,,,,,,,,,,,,,,,,,,
,,,,,,,,,,,,,,,,,,,,,,,,,
,,,,,,,,,,,,,,,,,,,,,,,,,
,,,,,,,,,,,,,,,,,,,,,,,,,
,,,,,,,,,,,,,,,,,,,,,,,,,
,,,,,,,,,,,,,,,,,,,,,,,,,
,,,,,,,,,,,,,,,,,,,,,,,,,
,,,,,,,,,,,,,,,,,,,,,,,,,
,,,,,,,,,,,,,,,,,,,,,,,,,
,,,,,,,,,,,,,,,,,,,,,,,,,
,,,,,,,,,,,,,,,,,,,,,,,,,
,,,,,,,,,,,,,,,,,,,,,,,,,
,,,,,,,,,,,,,,,,,,,,,,,,,
,,,,,,,,,,,,,,,,,,,,,,,,,
,,,,,,,,,,,,,,,,,,,,,,,,,
,,,,,,,,,,,,,,,,,,,,,,,,,
,,,,,,,,,,,,,,,,,,,,,,,,,
,,,,,,,,,,,,,,,,,,,,,,,,,
,,,,,,,,,,,,,,,,,,,,,,,,,
,,,,,,,,,,,,,,,,,,,,,,,,,
,,,,,,,,,,,,,,,,,,,,,,,,,
,,,,,,,,,,,,,,,,,,,,,,,,,
,,,,,,,,,,,,,,,,,,,,,,,,,
,,,,,,,,,,,,,,,,,,,,,,,,,
,,,,,,,,,,,,,,,,,,,,,,,,,
,,,,,,,,,,,,,,,,,,,,,,,,,
,,,,,,,,,,,,,,,,,,,,,,,,,
,,,,,,,,,,,,,,,,,,,,,,,,,
,,,,,,,,,,,,,,,,,,,,,,,,,
,,,,,,,,,,,,,,,,,,,,,,,,,
,,,,,,,,,,,,,,,,,,,,,,,,,
,,,,,,,,,,,,,,,,,,,,,,,,,
,,,,,,,,,,,,,,,,,,,,,,,,,
,,,,,,,,,,,,,,,,,,,,,,,,,
,,,,,,,,,,,,,,,,,,,,,,,,,
,,,,,,,,,,,,,,,,,,,,,,,,,
,,,,,,,,,,,,,,,,,,,,,,,,,
,,,,,,,,,,,,,,,,,,,,,,,,,
,,,,,,,,,,,,,,,,,,,,,,,,,
,,,,,,,,,,,,,,,,,,,,,,,,,
,,,,,,,,,,,,,,,,,,,,,,,,,
,,,,,,,,,,,,,,,,,,,,,,,,,
,,,,,,,,,,,,,,,,,,,,,,,,,
,,,,,,,,,,,,,,,,,,,,,,,,,
,,,,,,,,,,,,,,,,,,,,,,,,,
,,,,,,,,,,,,,,,,,,,,,,,,,
,,,,,,,,,,,,,,,,,,,,,,,,,
,,,,,,,,,,,,,,,,,,,,,,,,,
,,,,,,,,,,,,,,,,,,,,,,,,,
,,,,,,,,,,,,,,,,,,,,,,,,,
,,,,,,,,,,,,,,,,,,,,,,,,,
,,,,,,,,,,,,,,,,,,,,,,,,,
,,,,,,,,,,,,,,,,,,,,,,,,,
,,,,,,,,,,,,,,,,,,,,,,,,,
,,,,,,,,,,,,,,,,,,,,,,,,,
,,,,,,,,,,,,,,,,,,,,,,,,,
,,,,,,,,,,,,,,,,,,,,,,,,,
,,,,,,,,,,,,,,,,,,,,,,,,,
,,,,,,,,,,,,,,,,,,,,,,,,,
,,,,,,,,,,,,,,,,,,,,,,,,,
,,,,,,,,,,,,,,,,,,,,,,,,,
,,,,,,,,,,,,,,,,,,,,,,,,,
,,,,,,,,,,,,,,,,,,,,,,,,,
,,,,,,,,,,,,,,,,,,,,,,,,,
,,,,,,,,,,,,,,,,,,,,,,,,,
,,,,,,,,,,,,,,,,,,,,,,,,,
,,,,,,,,,,,,,,,,,,,,,,,,,
,,,,,,,,,,,,,,,,,,,,,,,,,
,,,,,,,,,,,,,,,,,,,,,,,,,
,,,,,,,,,,,,,,,,,,,,,,,,,
,,,,,,,,,,,,,,,,,,,,,,,,,
,,,,,,,,,,,,,,,,,,,,,,,,,
,,,,,,,,,,,,,,,,,,,,,,,,,
,,,,,,,,,,,,,,,,,,,,,,,,,
,,,,,,,,,,,,,,,,,,,,,,,,,
,,,,,,,,,,,,,,,,,,,,,,,,,
,,,,,,,,,,,,,,,,,,,,,,,,,
,,,,,,,,,,,,,,,,,,,,,,,,,
,,,,,,,,,,,,,,,,,,,,,,,,,
,,,,,,,,,,,,,,,,,,,,,,,,,
,,,,,,,,,,,,,,,,,,,,,,,,,
,,,,,,,,,,,,,,,,,,,,,,,,,
,,,,,,,,,,,,,,,,,,,,,,,,,
,,,,,,,,,,,,,,,,,,,,,,,,,
,,,,,,,,,,,,,,,,,,,,,,,,,
,,,,,,,,,,,,,,,,,,,,,,,,,
,,,,,,,,,,,,,,,,,,,,,,,,,
,,,,,,,,,,,,,,,,,,,,,,,,,
,,,,,,,,,,,,,,,,,,,,,,,,,
,,,,,,,,,,,,,,,,,,,,,,,,,
,,,,,,,,,,,,,,,,,,,,,,,,,
,,,,,,,,,,,,,,,,,,,,,,,,,
,,,,,,,,,,,,,,,,,,,,,,,,,
,,,,,,,,,,,,,,,,,,,,,,,,,
,,,,,,,,,,,,,,,,,,,,,,,,,
,,,,,,,,,,,,,,,,,,,,,,,,,
,,,,,,,,,,,,,,,,,,,,,,,,,
,,,,,,,,,,,,,,,,,,,,,,,,,
,,,,,,,,,,,,,,,,,,,,,,,,,
,,,,,,,,,,,,,,,,,,,,,,,,,
,,,,,,,,,,,,,,,,,,,,,,,,,
,,,,,,,,,,,,,,,,,,,,,,,,,
,,,,,,,,,,,,,,,,,,,,,,,,,
,,,,,,,,,,,,,,,,,,,,,,,,,
,,,,,,,,,,,,,,,,,,,,,,,,,
,,,,,,,,,,,,,,,,,,,,,,,,,
,,,,,,,,,,,,,,,,,,,,,,,,,
,,,,,,,,,,,,,,,,,,,,,,,,,
,,,,,,,,,,,,,,,,,,,,,,,,,
,,,,,,,,,,,,,,,,,,,,,,,,,
,,,,,,,,,,,,,,,,,,,,,,,,,
,,,,,,,,,,,,,,,,,,,,,,,,,
,,,,,,,,,,,,,,,,,,,,,,,,,
,,,,,,,,,,,,,,,,,,,,,,,,,
,,,,,,,,,,,,,,,,,,,,,,,,,
,,,,,,,,,,,,,,,,,,,,,,,,,
,,,,,,,,,,,,,,,,,,,,,,,,,
,,,,,,,,,,,,,,,,,,,,,,,,,
,,,,,,,,,,,,,,,,,,,,,,,,,
,,,,,,,,,,,,,,,,,,,,,,,,,
,,,,,,,,,,,,,,,,,,,,,,,,,
,,,,,,,,,,,,,,,,,,,,,,,,,
,,,,,,,,,,,,,,,,,,,,,,,,,
,,,,,,,,,,,,,,,,,,,,,,,,,
,,,,,,,,,,,,,,,,,,,,,,,,,
,,,,,,,,,,,,,,,,,,,,,,,,,
,,,,,,,,,,,,,,,,,,,,,,,,,
,,,,,,,,,,,,,,,,,,,,,,,,,
,,,,,,,,,,,,,,,,,,,,,,,,,
,,,,,,,,,,,,,,,,,,,,,,,,,
,,,,,,,,,,,,,,,,,,,,,,,,,
,,,,,,,,,,,,,,,,,,,,,,,,,
,,,,,,,,,,,,,,,,,,,,,,,,,
,,,,,,,,,,,,,,,,,,,,,,,,,
,,,,,,,,,,,,,,,,,,,,,,,,,
,,,,,,,,,,,,,,,,,,,,,,,,,
,,,,,,,,,,,,,,,,,,,,,,,,,
,,,,,,,,,,,,,,,,,,,,,,,,,
,,,,,,,,,,,,,,,,,,,,,,,,,
,,,,,,,,,,,,,,,,,,,,,,,,,
,,,,,,,,,,,,,,,,,,,,,,,,,
,,,,,,,,,,,,,,,,,,,,,,,,,
,,,,,,,,,,,,,,,,,,,,,,,,,
,,,,,,,,,,,,,,,,,,,,,,,,,
,,,,,,,,,,,,,,,,,,,,,,,,,
,,,,,,,,,,,,,,,,,,,,,,,,,
,,,,,,,,,,,,,,,,,,,,,,,,,
,,,,,,,,,,,,,,,,,,,,,,,,,
,,,,,,,,,,,,,,,,,,,,,,,,,
,,,,,,,,,,,,,,,,,,,,,,,,,
,,,,,,,,,,,,,,,,,,,,,,,,,
,,,,,,,,,,,,,,,,,,,,,,,,,
,,,,,,,,,,,,,,,,,,,,,,,,,
,,,,,,,,,,,,,,,,,,,,,,,,,
,,,,,,,,,,,,,,,,,,,,,,,,,
,,,,,,,,,,,,,,,,,,,,,,,,,
,,,,,,,,,,,,,,,,,,,,,,,,,
,,,,,,,,,,,,,,,,,,,,,,,,,
,,,,,,,,,,,,,,,,,,,,,,,,,
,,,,,,,,,,,,,,,,,,,,,,,,,
,,,,,,,,,,,,,,,,,,,,,,,,,
,,,,,,,,,,,,,,,,,,,,,,,,,
,,,,,,,,,,,,,,,,,,,,,,,,,
,,,,,,,,,,,,,,,,,,,,,,,,,
,,,,,,,,,,,,,,,,,,,,,,,,,
,,,,,,,,,,,,,,,,,,,,,,,,,
,,,,,,,,,,,,,,,,,,,,,,,,,
,,,,,,,,,,,,,,,,,,,,,,,,,
,,,,,,,,,,,,,,,,,,,,,,,,,
,,,,,,,,,,,,,,,,,,,,,,,,,
,,,,,,,,,,,,,,,,,,,,,,,,,
,,,,,,,,,,,,,,,,,,,,,,,,,
,,,,,,,,,,,,,,,,,,,,,,,,,
,,,,,,,,,,,,,,,,,,,,,,,,,
,,,,,,,,,,,,,,,,,,,,,,,,,
,,,,,,,,,,,,,,,,,,,,,,,,,
,,,,,,,,,,,,,,,,,,,,,,,,,
,,,,,,,,,,,,,,,,,,,,,,,,,
,,,,,,,,,,,,,,,,,,,,,,,,,
,,,,,,,,,,,,,,,,,,,,,,,,,
,,,,,,,,,,,,,,,,,,,,,,,,,
,,,,,,,,,,,,,,,,,,,,,,,,,
,,,,,,,,,,,,,,,,,,,,,,,,,
,,,,,,,,,,,,,,,,,,,,,,,,,
,,,,,,,,,,,,,,,,,,,,,,,,,
,,,,,,,,,,,,,,,,,,,,,,,,,
,,,,,,,,,,,,,,,,,,,,,,,,,
,,,,,,,,,,,,,,,,,,,,,,,,,
,,,,,,,,,,,,,,,,,,,,,,,,,
,,,,,,,,,,,,,,,,,,,,,,,,,
,,,,,,,,,,,,,,,,,,,,,,,,,
,,,,,,,,,,,,,,,,,,,,,,,,,
,,,,,,,,,,,,,,,,,,,,,,,,,
,,,,,,,,,,,,,,,,,,,,,,,,,
,,,,,,,,,,,,,,,,,,,,,,,,,
,,,,,,,,,,,,,,,,,,,,,,,,,
,,,,,,,,,,,,,,,,,,,,,,,,,
,,,,,,,,,,,,,,,,,,,,,,,,,
,,,,,,,,,,,,,,,,,,,,,,,,,
,,,,,,,,,,,,,,,,,,,,,,,,,
,,,,,,,,,,,,,,,,,,,,,,,,,
,,,,,,,,,,,,,,,,,,,,,,,,,
,,,,,,,,,,,,,,,,,,,,,,,,,
,,,,,,,,,,,,,,,,,,,,,,,,,
,,,,,,,,,,,,,,,,,,,,,,,,,
,,,,,,,,,,,,,,,,,,,,,,,,,
,,,,,,,,,,,,,,,,,,,,,,,,,
,,,,,,,,,,,,,,,,,,,,,,,,,
,,,,,,,,,,,,,,,,,,,,,,,,,
,,,,,,,,,,,,,,,,,,,,,,,,,
,,,,,,,,,,,,,,,,,,,,,,,,,
,,,,,,,,,,,,,,,,,,,,,,,,,
,,,,,,,,,,,,,,,,,,,,,,,,,
,,,,,,,,,,,,,,,,,,,,,,,,,
,,,,,,,,,,,,,,,,,,,,,,,,,
,,,,,,,,,,,,,,,,,,,,,,,,,
,,,,,,,,,,,,,,,,,,,,,,,,,
,,,,,,,,,,,,,,,,,,,,,,,,,
,,,,,,,,,,,,,,,,,,,,,,,,,
,,,,,,,,,,,,,,,,,,,,,,,,,
,,,,,,,,,,,,,,,,,,,,,,,,,
,,,,,,,,,,,,,,,,,,,,,,,,,
,,,,,,,,,,,,,,,,,,,,,,,,,
,,,,,,,,,,,,,,,,,,,,,,,,,
,,,,,,,,,,,,,,,,,,,,,,,,,
,,,,,,,,,,,,,,,,,,,,,,,,,
,,,,,,,,,,,,,,,,,,,,,,,,,
,,,,,,,,,,,,,,,,,,,,,,,,,
,,,,,,,,,,,,,,,,,,,,,,,,,
,,,,,,,,,,,,,,,,,,,,,,,,,
,,,,,,,,,,,,,,,,,,,,,,,,,
,,,,,,,,,,,,,,,,,,,,,,,,,
,,,,,,,,,,,,,,,,,,,,,,,,,
,,,,,,,,,,,,,,,,,,,,,,,,,
,,,,,,,,,,,,,,,,,,,,,,,,,
,,,,,,,,,,,,,,,,,,,,,,,,,
,,,,,,,,,,,,,,,,,,,,,,,,,
,,,,,,,,,,,,,,,,,,,,,,,,,
,,,,,,,,,,,,,,,,,,,,,,,,,
,,,,,,,,,,,,,,,,,,,,,,,,,
,,,,,,,,,,,,,,,,,,,,,,,,,
,,,,,,,,,,,,,,,,,,,,,,,,,
,,,,,,,,,,,,,,,,,,,,,,,,,
,,,,,,,,,,,,,,,,,,,,,,,,,
,,,,,,,,,,,,,,,,,,,,,,,,,
,,,,,,,,,,,,,,,,,,,,,,,,,
,,,,,,,,,,,,,,,,,,,,,,,,,
,,,,,,,,,,,,,,,,,,,,,,,,,
,,,,,,,,,,,,,,,,,,,,,,,,,
,,,,,,,,,,,,,,,,,,,,,,,,,
,,,,,,,,,,,,,,,,,,,,,,,,,
,,,,,,,,,,,,,,,,,,,,,,,,,
,,,,,,,,,,,,,,,,,,,,,,,,,
,,,,,,,,,,,,,,,,,,,,,,,,,
,,,,,,,,,,,,,,,,,,,,,,,,,
,,,,,,,,,,,,,,,,,,,,,,,,,
,,,,,,,,,,,,,,,,,,,,,,,,,
,,,,,,,,,,,,,,,,,,,,,,,,,
,,,,,,,,,,,,,,,,,,,,,,,,,
,,,,,,,,,,,,,,,,,,,,,,,,,
,,,,,,,,,,,,,,,,,,,,,,,,,
,,,,,,,,,,,,,,,,,,,,,,,,,
,,,,,,,,,,,,,,,,,,,,,,,,,
,,,,,,,,,,,,,,,,,,,,,,,,,
,,,,,,,,,,,,,,,,,,,,,,,,,
,,,,,,,,,,,,,,,,,,,,,,,,,
,,,,,,,,,,,,,,,,,,,,,,,,,
,,,,,,,,,,,,,,,,,,,,,,,,,
,,,,,,,,,,,,,,,,,,,,,,,,,
,,,,,,,,,,,,,,,,,,,,,,,,,
,,,,,,,,,,,,,,,,,,,,,,,,,
,,,,,,,,,,,,,,,,,,,,,,,,,
,,,,,,,,,,,,,,,,,,,,,,,,,
,,,,,,,,,,,,,,,,,,,,,,,,,
,,,,,,,,,,,,,,,,,,,,,,,,,
,,,,,,,,,,,,,,,,,,,,,,,,,
,,,,,,,,,,,,,,,,,,,,,,,,,
,,,,,,,,,,,,,,,,,,,,,,,,,
,,,,,,,,,,,,,,,,,,,,,,,,,
,,,,,,,,,,,,,,,,,,,,,,,,,
,,,,,,,,,,,,,,,,,,,,,,,,,
,,,,,,,,,,,,,,,,,,,,,,,,,
,,,,,,,,,,,,,,,,,,,,,,,,,
,,,,,,,,,,,,,,,,,,,,,,,,,
,,,,,,,,,,,,,,,,,,,,,,,,,
,,,,,,,,,,,,,,,,,,,,,,,,,
,,,,,,,,,,,,,,,,,,,,,,,,,
,,,,,,,,,,,,,,,,,,,,,,,,,
,,,,,,,,,,,,,,,,,,,,,,,,,
,,,,,,,,,,,,,,,,,,,,,,,,,
,,,,,,,,,,,,,,,,,,,,,,,,,
,,,,,,,,,,,,,,,,,,,,,,,,,
,,,,,,,,,,,,,,,,,,,,,,,,,
,,,,,,,,,,,,,,,,,,,,,,,,,
,,,,,,,,,,,,,,,,,,,,,,,,,
,,,,,,,,,,,,,,,,,,,,,,,,,
,,,,,,,,,,,,,,,,,,,,,,,,,
,,,,,,,,,,,,,,,,,,,,,,,,,
,,,,,,,,,,,,,,,,,,,,,,,,,
,,,,,,,,,,,,,,,,,,,,,,,,,
,,,,,,,,,,,,,,,,,,,,,,,,,
,,,,,,,,,,,,,,,,,,,,,,,,,
,,,,,,,,,,,,,,,,,,,,,,,,,
,,,,,,,,,,,,,,,,,,,,,,,,,
,,,,,,,,,,,,,,,,,,,,,,,,,
,,,,,,,,,,,,,,,,,,,,,,,,,
,,,,,,,,,,,,,,,,,,,,,,,,,
,,,,,,,,,,,,,,,,,,,,,,,,,
,,,,,,,,,,,,,,,,,,,,,,,,,
,,,,,,,,,,,,,,,,,,,,,,,,,
,,,,,,,,,,,,,,,,,,,,,,,,,
,,,,,,,,,,,,,,,,,,,,,,,,,
,,,,,,,,,,,,,,,,,,,,,,,,,
,,,,,,,,,,,,,,,,,,,,,,,,,
,,,,,,,,,,,,,,,,,,,,,,,,,
,,,,,,,,,,,,,,,,,,,,,,,,,
,,,,,,,,,,,,,,,,,,,,,,,,,
,,,,,,,,,,,,,,,,,,,,,,,,,
,,,,,,,,,,,,,,,,,,,,,,,,,
,,,,,,,,,,,,,,,,,,,,,,,,,
,,,,,,,,,,,,,,,,,,,,,,,,,
,,,,,,,,,,,,,,,,,,,,,,,,,
,,,,,,,,,,,,,,,,,,,,,,,,,
,,,,,,,,,,,,,,,,,,,,,,,,,
,,,,,,,,,,,,,,,,,,,,,,,,,
,,,,,,,,,,,,,,,,,,,,,,,,,
,,,,,,,,,,,,,,,,,,,,,,,,,
,,,,,,,,,,,,,,,,,,,,,,,,,
,,,,,,,,,,,,,,,,,,,,,,,,,
,,,,,,,,,,,,,,,,,,,,,,,,,
,,,,,,,,,,,,,,,,,,,,,,,,,
,,,,,,,,,,,,,,,,,,,,,,,,,
,,,,,,,,,,,,,,,,,,,,,,,,,
,,,,,,,,,,,,,,,,,,,,,,,,,
,,,,,,,,,,,,,,,,,,,,,,,,,
,,,,,,,,,,,,,,,,,,,,,,,,,
,,,,,,,,,,,,,,,,,,,,,,,,,
,,,,,,,,,,,,,,,,,,,,,,,,,
,,,,,,,,,,,,,,,,,,,,,,,,,
,,,,,,,,,,,,,,,,,,,,,,,,,
,,,,,,,,,,,,,,,,,,,,,,,,,
,,,,,,,,,,,,,,,,,,,,,,,,,
,,,,,,,,,,,,,,,,,,,,,,,,,
,,,,,,,,,,,,,,,,,,,,,,,,,
,,,,,,,,,,,,,,,,,,,,,,,,,
,,,,,,,,,,,,,,,,,,,,,,,,,
,,,,,,,,,,,,,,,,,,,,,,,,,
,,,,,,,,,,,,,,,,,,,,,,,,,
,,,,,,,,,,,,,,,,,,,,,,,,,
,,,,,,,,,,,,,,,,,,,,,,,,,
,,,,,,,,,,,,,,,,,,,,,,,,,
,,,,,,,,,,,,,,,,,,,,,,,,,
,,,,,,,,,,,,,,,,,,,,,,,,,
,,,,,,,,,,,,,,,,,,,,,,,,,
,,,,,,,,,,,,,,,,,,,,,,,,,
,,,,,,,,,,,,,,,,,,,,,,,,,
,,,,,,,,,,,,,,,,,,,,,,,,,
,,,,,,,,,,,,,,,,,,,,,,,,,
,,,,,,,,,,,,,,,,,,,,,,,,,
,,,,,,,,,,,,,,,,,,,,,,,,,
,,,,,,,,,,,,,,,,,,,,,,,,,
,,,,,,,,,,,,,,,,,,,,,,,,,
,,,,,,,,,,,,,,,,,,,,,,,,,
,,,,,,,,,,,,,,,,,,,,,,,,,
,,,,,,,,,,,,,,,,,,,,,,,,,
,,,,,,,,,,,,,,,,,,,,,,,,,
,,,,,,,,,,,,,,,,,,,,,,,,,
,,,,,,,,,,,,,,,,,,,,,,,,,
,,,,,,,,,,,,,,,,,,,,,,,,,
,,,,,,,,,,,,,,,,,,,,,,,,,
,,,,,,,,,,,,,,,,,,,,,,,,,
,,,,,,,,,,,,,,,,,,,,,,,,,
,,,,,,,,,,,,,,,,,,,,,,,,,
,,,,,,,,,,,,,,,,,,,,,,,,,
,,,,,,,,,,,,,,,,,,,,,,,,,
,,,,,,,,,,,,,,,,,,,,,,,,,
,,,,,,,,,,,,,,,,,,,,,,,,,
,,,,,,,,,,,,,,,,,,,,,,,,,
,,,,,,,,,,,,,,,,,,,,,,,,,
,,,,,,,,,,,,,,,,,,,,,,,,,
,,,,,,,,,,,,,,,,,,,,,,,,,
,,,,,,,,,,,,,,,,,,,,,,,,,
,,,,,,,,,,,,,,,,,,,,,,,,,
,,,,,,,,,,,,,,,,,,,,,,,,,
,,,,,,,,,,,,,,,,,,,,,,,,,
,,,,,,,,,,,,,,,,,,,,,,,,,
,,,,,,,,,,,,,,,,,,,,,,,,,
,,,,,,,,,,,,,,,,,,,,,,,,,
,,,,,,,,,,,,,,,,,,,,,,,,,
,,,,,,,,,,,,,,,,,,,,,,,,,
,,,,,,,,,,,,,,,,,,,,,,,,,
,,,,,,,,,,,,,,,,,,,,,,,,,
,,,,,,,,,,,,,,,,,,,,,,,,,
,,,,,,,,,,,,,,,,,,,,,,,,,
,,,,,,,,,,,,,,,,,,,,,,,,,
,,,,,,,,,,,,,,,,,,,,,,,,,
,,,,,,,,,,,,,,,,,,,,,,,,,
,,,,,,,,,,,,,,,,,,,,,,,,,
,,,,,,,,,,,,,,,,,,,,,,,,,
,,,,,,,,,,,,,,,,,,,,,,,,,
,,,,,,,,,,,,,,,,,,,,,,,,,
,,,,,,,,,,,,,,,,,,,,,,,,,
,,,,,,,,,,,,,,,,,,,,,,,,,
,,,,,,,,,,,,,,,,,,,,,,,,,
,,,,,,,,,,,,,,,,,,,,,,,,,
,,,,,,,,,,,,,,,,,,,,,,,,,
,,,,,,,,,,,,,,,,,,,,,,,,,
,,,,,,,,,,,,,,,,,,,,,,,,,
,,,,,,,,,,,,,,,,,,,,,,,,,
,,,,,,,,,,,,,,,,,,,,,,,,,
,,,,,,,,,,,,,,,,,,,,,,,,,
,,,,,,,,,,,,,,,,,,,,,,,,,
,,,,,,,,,,,,,,,,,,,,,,,,,
,,,,,,,,,,,,,,,,,,,,,,,,,
,,,,,,,,,,,,,,,,,,,,,,,,,
,,,,,,,,,,,,,,,,,,,,,,,,,
,,,,,,,,,,,,,,,,,,,,,,,,,
,,,,,,,,,,,,,,,,,,,,,,,,,
,,,,,,,,,,,,,,,,,,,,,,,,,
,,,,,,,,,,,,,,,,,,,,,,,,,
,,,,,,,,,,,,,,,,,,,,,,,,,
,,,,,,,,,,,,,,,,,,,,,,,,,
,,,,,,,,,,,,,,,,,,,,,,,,,
,,,,,,,,,,,,,,,,,,,,,,,,,
,,,,,,,,,,,,,,,,,,,,,,,,,
,,,,,,,,,,,,,,,,,,,,,,,,,
,,,,,,,,,,,,,,,,,,,,,,,,,
,,,,,,,,,,,,,,,,,,,,,,,,,
,,,,,,,,,,,,,,,,,,,,,,,,,
,,,,,,,,,,,,,,,,,,,,,,,,,
,,,,,,,,,,,,,,,,,,,,,,,,,
,,,,,,,,,,,,,,,,,,,,,,,,,
,,,,,,,,,,,,,,,,,,,,,,,,,
,,,,,,,,,,,,,,,,,,,,,,,,,
,,,,,,,,,,,,,,,,,,,,,,,,,
,,,,,,,,,,,,,,,,,,,,,,,,,
,,,,,,,,,,,,,,,,,,,,,,,,,
,,,,,,,,,,,,,,,,,,,,,,,,,
,,,,,,,,,,,,,,,,,,,,,,,,,
,,,,,,,,,,,,,,,,,,,,,,,,,
,,,,,,,,,,,,,,,,,,,,,,,,,
,,,,,,,,,,,,,,,,,,,,,,,,,
,,,,,,,,,,,,,,,,,,,,,,,,,
,,,,,,,,,,,,,,,,,,,,,,,,,
,,,,,,,,,,,,,,,,,,,,,,,,,
,,,,,,,,,,,,,,,,,,,,,,,,,
,,,,,,,,,,,,,,,,,,,,,,,,,
,,,,,,,,,,,,,,,,,,,,,,,,,
,,,,,,,,,,,,,,,,,,,,,,,,,
,,,,,,,,,,,,,,,,,,,,,,,,,
,,,,,,,,,,,,,,,,,,,,,,,,,
,,,,,,,,,,,,,,,,,,,,,,,,,
,,,,,,,,,,,,,,,,,,,,,,,,,